record_type,month,fiscal_month,center_id,center_name,city,region,segment,service_visits,service_revenue_lakh,cost_of_service_lakh,gross_profit_lakh,avg_service_value_inr,customers_due,customers_retained,campaign_id,campaign_name,scheme,campaign_status,campaign_start,campaign_end,campaign_design_note,expected_roi,planned_promo_spend_lakh,expected_incremental_revenue_lakh,expected_incremental_visits,promo_spend_lakh,incremental_visits,incremental_revenue_lakh,incremental_gross_profit_lakh,competitor_id,competitor_name,competitor_type,mechanic,our_equivalent_scheme,offer_description,discount_depth_pct,offer_value_inr,validity_days,repair_credit_inr,channel,market_reach_pct,source_type,confidence
Actual,2025-04,1,SC-01,Delhi Downtown,Delhi,North,Premium,144,14.938,8.402,6.536,10374,115,106,,,,,,,,,0,0,0,0,0,0,0,,,,,,,,,,,,,,
Actual,2025-04,1,SC-01,Delhi Downtown,Delhi,North,Mid-Market,329,23.786,14.236,9.55,7230,263,235,,,,,,,,,0,0,0,0,0,0,0,,,,,,,,,,,,,,
Actual,2025-04,1,SC-01,Delhi Downtown,Delhi,North,Value,210,10.207,6.704,3.503,4860,168,145,,,,,,,,,0,0,0,0,0,0,0,,,,,,,,,,,,,,
Actual,2025-04,1,SC-01,Delhi Downtown,Delhi,North,Fleet,101,7.643,5.085,2.558,7567,81,68,,,,,,,,,0,0,0,0,0,0,0,,,,,,,,,,,,,,
Actual,2025-04,1,SC-02,Mumbai Andheri,Mumbai,West,Premium,148,15.75,8.899,6.851,10642,118,108,,,,,,,,,0,0,0,0,0,0,0,,,,,,,,,,,,,,
Actual,2025-04,1,SC-02,Mumbai Andheri,Mumbai,West,Mid-Market,342,24.959,14.951,10.008,7298,274,244,,,,,,,,,0,0,0,0,0,0,0,,,,,,,,,,,,,,
Actual,2025-04,1,SC-02,Mumbai Andheri,Mumbai,West,Value,232,11.586,7.558,4.028,4994,186,160,,,,,,,,,0,0,0,0,0,0,0,,,,,,,,,,,,,,
Actual,2025-04,1,SC-02,Mumbai Andheri,Mumbai,West,Fleet,106,8.338,5.499,2.839,7866,85,71,,,,,,,,,0,0,0,0,0,0,0,,,,,,,,,,,,,,
Actual,2025-04,1,SC-03,Bengaluru Whitefield,Bengaluru,South,Premium,147,15.207,8.638,6.569,10345,118,108,,,,,,,,,0,0,0,0,0,0,0,,,,,,,,,,,,,,
Actual,2025-04,1,SC-03,Bengaluru Whitefield,Bengaluru,South,Mid-Market,362,25.786,15.609,10.177,7123,290,257,,,,,,,,,0,0,0,0,0,0,0,,,,,,,,,,,,,,
Actual,2025-04,1,SC-03,Bengaluru Whitefield,Bengaluru,South,Value,230,10.98,7.138,3.842,4774,184,159,,,,,,,,,0,0,0,0,0,0,0,,,,,,,,,,,,,,
Actual,2025-04,1,SC-03,Bengaluru Whitefield,Bengaluru,South,Fleet,109,8.338,5.622,2.716,7650,87,73,,,,,,,,,0,0,0,0,0,0,0,,,,,,,,,,,,,,
Actual,2025-04,1,SC-04,Hyderabad Hitech,Hyderabad,South,Premium,121,11.724,6.752,4.972,9689,97,90,,,,,,,,,0,0,0,0,0,0,0,,,,,,,,,,,,,,
Actual,2025-04,1,SC-04,Hyderabad Hitech,Hyderabad,South,Mid-Market,268,18.297,11.037,7.26,6827,214,191,,,,,,,,,0,0,0,0,0,0,0,,,,,,,,,,,,,,
Actual,2025-04,1,SC-04,Hyderabad Hitech,Hyderabad,South,Value,179,8.306,5.472,2.834,4640,143,124,,,,,,,,,0,0,0,0,0,0,0,,,,,,,,,,,,,,
Actual,2025-04,1,SC-04,Hyderabad Hitech,Hyderabad,South,Fleet,87,6.197,4.179,2.018,7123,70,59,,,,,,,,,0,0,0,0,0,0,0,,,,,,,,,,,,,,
Actual,2025-04,1,SC-05,Chennai OMR,Chennai,South,Premium,98,9.543,5.515,4.028,9738,78,72,,,,,,,,,0,0,0,0,0,0,0,,,,,,,,,,,,,,
Actual,2025-04,1,SC-05,Chennai OMR,Chennai,South,Mid-Market,231,15.77,9.569,6.201,6827,185,165,,,,,,,,,0,0,0,0,0,0,0,,,,,,,,,,,,,,
Actual,2025-04,1,SC-05,Chennai OMR,Chennai,South,Value,148,6.756,4.419,2.337,4565,118,102,,,,,,,,,0,0,0,0,0,0,0,,,,,,,,,,,,,,
Actual,2025-04,1,SC-05,Chennai OMR,Chennai,South,Fleet,70,5.015,3.342,1.673,7164,56,47,,,,,,,,,0,0,0,0,0,0,0,,,,,,,,,,,,,,
Actual,2025-04,1,SC-06,Kolkata Salt Lake,Kolkata,East,Premium,87,8.175,4.641,3.534,9397,70,65,,,,,,,,,0,0,0,0,0,0,0,,,,,,,,,,,,,,
Actual,2025-04,1,SC-06,Kolkata Salt Lake,Kolkata,East,Mid-Market,240,15.192,9.313,5.879,6330,192,173,CMP-2501,Summer Car Care Camp,Free Car Wash,Completed,2025-04,2025-05,Wash offered with every periodic service,1.3,0.7,2.358,36.49,0.649,42,2.525,0.977,,,,,,,,,,,,,,
Actual,2025-04,1,SC-06,Kolkata Salt Lake,Kolkata,East,Value,129,5.598,3.71,1.888,4340,103,89,,,,,,,,,0,0,0,0,0,0,0,,,,,,,,,,,,,,
Actual,2025-04,1,SC-06,Kolkata Salt Lake,Kolkata,East,Fleet,63,4.321,2.916,1.405,6859,50,42,,,,,,,,,0,0,0,0,0,0,0,,,,,,,,,,,,,,
Actual,2025-04,1,SC-07,Pune Hinjewadi,Pune,West,Premium,106,10.67,6.132,4.538,10066,85,79,,,,,,,,,0,0,0,0,0,0,0,,,,,,,,,,,,,,
Actual,2025-04,1,SC-07,Pune Hinjewadi,Pune,West,Mid-Market,259,17.918,10.971,6.947,6918,207,184,,,,,,,,,0,0,0,0,0,0,0,,,,,,,,,,,,,,
Actual,2025-04,1,SC-07,Pune Hinjewadi,Pune,West,Value,162,7.615,4.964,2.651,4701,130,112,,,,,,,,,0,0,0,0,0,0,0,,,,,,,,,,,,,,
Actual,2025-04,1,SC-07,Pune Hinjewadi,Pune,West,Fleet,78,5.666,3.794,1.872,7264,62,52,,,,,,,,,0,0,0,0,0,0,0,,,,,,,,,,,,,,
Actual,2025-04,1,SC-08,Jaipur Vaishali,Jaipur,North,Premium,64,5.86,3.389,2.471,9156,51,47,,,,,,,,,0,0,0,0,0,0,0,,,,,,,,,,,,,,
Actual,2025-04,1,SC-08,Jaipur Vaishali,Jaipur,North,Mid-Market,148,9.421,5.724,3.697,6366,118,105,,,,,,,,,0,0,0,0,0,0,0,,,,,,,,,,,,,,
Actual,2025-04,1,SC-08,Jaipur Vaishali,Jaipur,North,Value,98,4.216,2.774,1.442,4302,78,67,,,,,,,,,0,0,0,0,0,0,0,,,,,,,,,,,,,,
Actual,2025-04,1,SC-08,Jaipur Vaishali,Jaipur,North,Fleet,46,3.075,2.063,1.012,6685,37,31,,,,,,,,,0,0,0,0,0,0,0,,,,,,,,,,,,,,
Actual,2025-04,1,SC-09,Nagpur Sitabuldi,Nagpur,Central,Premium,89,8.086,4.607,3.479,9085,71,65,,,,,,,,,0,0,0,0,0,0,0,,,,,,,,,,,,,,
Actual,2025-04,1,SC-09,Nagpur Sitabuldi,Nagpur,Central,Mid-Market,203,12.577,7.772,4.805,6196,162,144,,,,,,,,,0,0,0,0,0,0,0,,,,,,,,,,,,,,
Actual,2025-04,1,SC-09,Nagpur Sitabuldi,Nagpur,Central,Value,126,5.295,3.51,1.785,4202,101,87,,,,,,,,,0,0,0,0,0,0,0,,,,,,,,,,,,,,
Actual,2025-04,1,SC-09,Nagpur Sitabuldi,Nagpur,Central,Fleet,64,4.211,2.864,1.347,6580,51,43,,,,,,,,,0,0,0,0,0,0,0,,,,,,,,,,,,,,
Actual,2025-04,1,SC-10,Indore Vijay Nagar,Indore,Central,Premium,78,7.086,4.085,3.001,9085,62,57,,,,,,,,,0,0,0,0,0,0,0,,,,,,,,,,,,,,
Actual,2025-04,1,SC-10,Indore Vijay Nagar,Indore,Central,Mid-Market,174,10.915,6.71,4.205,6273,139,124,,,,,,,,,0,0,0,0,0,0,0,,,,,,,,,,,,,,
Actual,2025-04,1,SC-10,Indore Vijay Nagar,Indore,Central,Value,113,4.792,3.199,1.593,4241,90,77,,,,,,,,,0,0,0,0,0,0,0,,,,,,,,,,,,,,
Actual,2025-04,1,SC-10,Indore Vijay Nagar,Indore,Central,Fleet,56,3.715,2.517,1.198,6634,45,38,,,,,,,,,0,0,0,0,0,0,0,,,,,,,,,,,,,,
Actual,2025-05,2,SC-01,Delhi Downtown,Delhi,North,Premium,147,15.484,8.637,6.847,10533,118,108,,,,,,,,,0,0,0,0,0,0,0,,,,,,,,,,,,,,
Actual,2025-05,2,SC-01,Delhi Downtown,Delhi,North,Mid-Market,340,24.613,14.945,9.668,7239,272,243,,,,,,,,,0,0,0,0,0,0,0,,,,,,,,,,,,,,
Actual,2025-05,2,SC-01,Delhi Downtown,Delhi,North,Value,215,10.493,6.929,3.564,4880,172,148,,,,,,,,,0,0,0,0,0,0,0,,,,,,,,,,,,,,
Actual,2025-05,2,SC-01,Delhi Downtown,Delhi,North,Fleet,104,8.025,5.295,2.73,7716,83,70,,,,,,,,,0,0,0,0,0,0,0,,,,,,,,,,,,,,
Actual,2025-05,2,SC-02,Mumbai Andheri,Mumbai,West,Premium,155,16.342,9.212,7.13,10543,124,114,,,,,,,,,0,0,0,0,0,0,0,,,,,,,,,,,,,,
Actual,2025-05,2,SC-02,Mumbai Andheri,Mumbai,West,Mid-Market,354,26.083,15.867,10.216,7368,283,252,,,,,,,,,0,0,0,0,0,0,0,,,,,,,,,,,,,,
Actual,2025-05,2,SC-02,Mumbai Andheri,Mumbai,West,Value,241,12.024,7.883,4.141,4989,193,167,,,,,,,,,0,0,0,0,0,0,0,,,,,,,,,,,,,,
Actual,2025-05,2,SC-02,Mumbai Andheri,Mumbai,West,Fleet,110,8.64,5.775,2.865,7855,88,74,,,,,,,,,0,0,0,0,0,0,0,,,,,,,,,,,,,,
Actual,2025-05,2,SC-03,Bengaluru Whitefield,Bengaluru,South,Premium,155,15.948,8.976,6.972,10289,124,114,,,,,,,,,0,0,0,0,0,0,0,,,,,,,,,,,,,,
Actual,2025-05,2,SC-03,Bengaluru Whitefield,Bengaluru,South,Mid-Market,355,25.135,15.298,9.837,7080,284,253,,,,,,,,,0,0,0,0,0,0,0,,,,,,,,,,,,,,
Actual,2025-05,2,SC-03,Bengaluru Whitefield,Bengaluru,South,Value,239,11.639,7.592,4.047,4870,191,165,,,,,,,,,0,0,0,0,0,0,0,,,,,,,,,,,,,,
Actual,2025-05,2,SC-03,Bengaluru Whitefield,Bengaluru,South,Fleet,131,9.972,6.61,3.362,7612,105,89,CMP-2520,South Fleet Engine Check,Free Engine Check,Completed,2025-05,2025-06,"Free 21-point engine check, no repair credit",1.2,0.474,1.738,25.41,0.427,17,1.245,0.42,,,,,,,,,,,,,,
Actual,2025-05,2,SC-04,Hyderabad Hitech,Hyderabad,South,Premium,122,11.913,6.728,5.185,9765,98,90,,,,,,,,,0,0,0,0,0,0,0,,,,,,,,,,,,,,
Actual,2025-05,2,SC-04,Hyderabad Hitech,Hyderabad,South,Mid-Market,288,19.719,11.969,7.75,6847,230,205,,,,,,,,,0,0,0,0,0,0,0,,,,,,,,,,,,,,
Actual,2025-05,2,SC-04,Hyderabad Hitech,Hyderabad,South,Value,188,8.647,5.636,3.011,4599,150,129,,,,,,,,,0,0,0,0,0,0,0,,,,,,,,,,,,,,
Actual,2025-05,2,SC-04,Hyderabad Hitech,Hyderabad,South,Fleet,104,7.46,5.042,2.418,7173,83,70,CMP-2520,South Fleet Engine Check,Free Engine Check,Completed,2025-05,2025-06,"Free 21-point engine check, no repair credit",1.2,0.372,1.365,19.96,0.362,16,1.096,0.355,,,,,,,,,,,,,,
Actual,2025-05,2,SC-05,Chennai OMR,Chennai,South,Premium,103,10.223,5.876,4.347,9925,82,76,,,,,,,,,0,0,0,0,0,0,0,,,,,,,,,,,,,,
Actual,2025-05,2,SC-05,Chennai OMR,Chennai,South,Mid-Market,235,15.893,9.805,6.088,6763,188,168,,,,,,,,,0,0,0,0,0,0,0,,,,,,,,,,,,,,
Actual,2025-05,2,SC-05,Chennai OMR,Chennai,South,Value,153,7.113,4.663,2.45,4649,122,105,,,,,,,,,0,0,0,0,0,0,0,,,,,,,,,,,,,,
Actual,2025-05,2,SC-05,Chennai OMR,Chennai,South,Fleet,85,6.165,4.101,2.064,7253,68,57,CMP-2520,South Fleet Engine Check,Free Engine Check,Completed,2025-05,2025-06,"Free 21-point engine check, no repair credit",1.2,0.304,1.117,16.33,0.303,14,0.984,0.329,,,,,,,,,,,,,,
Actual,2025-05,2,SC-06,Kolkata Salt Lake,Kolkata,East,Premium,89,8.296,4.719,3.577,9321,71,65,,,,,,,,,0,0,0,0,0,0,0,,,,,,,,,,,,,,
Actual,2025-05,2,SC-06,Kolkata Salt Lake,Kolkata,East,Mid-Market,251,16.215,10.095,6.12,6460,201,179,CMP-2501,Summer Car Care Camp,Free Car Wash,Completed,2025-04,2025-05,Wash offered with every periodic service,1.3,0.7,2.358,36.49,0.719,42,2.612,0.986,,,,,,,,,,,,,,
Actual,2025-05,2,SC-06,Kolkata Salt Lake,Kolkata,East,Value,135,5.844,3.898,1.946,4329,108,93,,,,,,,,,0,0,0,0,0,0,0,,,,,,,,,,,,,,
Actual,2025-05,2,SC-06,Kolkata Salt Lake,Kolkata,East,Fleet,63,4.282,2.873,1.409,6797,50,42,,,,,,,,,0,0,0,0,0,0,0,,,,,,,,,,,,,,
Actual,2025-05,2,SC-07,Pune Hinjewadi,Pune,West,Premium,113,11.216,6.46,4.756,9926,90,83,,,,,,,,,0,0,0,0,0,0,0,,,,,,,,,,,,,,
Actual,2025-05,2,SC-07,Pune Hinjewadi,Pune,West,Mid-Market,258,18.025,11.068,6.957,6986,206,184,,,,,,,,,0,0,0,0,0,0,0,,,,,,,,,,,,,,
Actual,2025-05,2,SC-07,Pune Hinjewadi,Pune,West,Value,172,8.121,5.28,2.841,4722,138,119,,,,,,,,,0,0,0,0,0,0,0,,,,,,,,,,,,,,
Actual,2025-05,2,SC-07,Pune Hinjewadi,Pune,West,Fleet,81,5.991,4.035,1.956,7396,65,55,,,,,,,,,0,0,0,0,0,0,0,,,,,,,,,,,,,,
Actual,2025-05,2,SC-08,Jaipur Vaishali,Jaipur,North,Premium,69,6.259,3.599,2.66,9071,55,51,,,,,,,,,0,0,0,0,0,0,0,,,,,,,,,,,,,,
Actual,2025-05,2,SC-08,Jaipur Vaishali,Jaipur,North,Mid-Market,155,9.819,6.068,3.751,6335,124,110,,,,,,,,,0,0,0,0,0,0,0,,,,,,,,,,,,,,
Actual,2025-05,2,SC-08,Jaipur Vaishali,Jaipur,North,Value,101,4.303,2.869,1.434,4260,81,70,,,,,,,,,0,0,0,0,0,0,0,,,,,,,,,,,,,,
Actual,2025-05,2,SC-08,Jaipur Vaishali,Jaipur,North,Fleet,48,3.193,2.175,1.018,6652,38,32,,,,,,,,,0,0,0,0,0,0,0,,,,,,,,,,,,,,
Actual,2025-05,2,SC-09,Nagpur Sitabuldi,Nagpur,Central,Premium,89,8.008,4.534,3.474,8998,71,65,,,,,,,,,0,0,0,0,0,0,0,,,,,,,,,,,,,,
Actual,2025-05,2,SC-09,Nagpur Sitabuldi,Nagpur,Central,Mid-Market,210,13.26,8.089,5.171,6314,168,151,,,,,,,,,0,0,0,0,0,0,0,,,,,,,,,,,,,,
Actual,2025-05,2,SC-09,Nagpur Sitabuldi,Nagpur,Central,Value,134,5.698,3.763,1.935,4252,107,92,,,,,,,,,0,0,0,0,0,0,0,,,,,,,,,,,,,,
Actual,2025-05,2,SC-09,Nagpur Sitabuldi,Nagpur,Central,Fleet,65,4.338,2.946,1.392,6674,52,44,,,,,,,,,0,0,0,0,0,0,0,,,,,,,,,,,,,,
Actual,2025-05,2,SC-10,Indore Vijay Nagar,Indore,Central,Premium,78,6.975,3.989,2.986,8942,62,57,,,,,,,,,0,0,0,0,0,0,0,,,,,,,,,,,,,,
Actual,2025-05,2,SC-10,Indore Vijay Nagar,Indore,Central,Mid-Market,187,11.843,7.365,4.478,6333,150,133,,,,,,,,,0,0,0,0,0,0,0,,,,,,,,,,,,,,
Actual,2025-05,2,SC-10,Indore Vijay Nagar,Indore,Central,Value,115,4.895,3.25,1.645,4257,92,79,,,,,,,,,0,0,0,0,0,0,0,,,,,,,,,,,,,,
Actual,2025-05,2,SC-10,Indore Vijay Nagar,Indore,Central,Fleet,57,3.801,2.54,1.261,6668,46,39,,,,,,,,,0,0,0,0,0,0,0,,,,,,,,,,,,,,
Actual,2025-06,3,SC-01,Delhi Downtown,Delhi,North,Premium,146,15.19,8.699,6.491,10404,117,107,,,,,,,,,0,0,0,0,0,0,0,,,,,,,,,,,,,,
Actual,2025-06,3,SC-01,Delhi Downtown,Delhi,North,Mid-Market,361,25.85,15.558,10.292,7161,289,259,,,,,,,,,0,0,0,0,0,0,0,,,,,,,,,,,,,,
Actual,2025-06,3,SC-01,Delhi Downtown,Delhi,North,Value,222,10.989,7.134,3.855,4950,178,153,,,,,,,,,0,0,0,0,0,0,0,,,,,,,,,,,,,,
Actual,2025-06,3,SC-01,Delhi Downtown,Delhi,North,Fleet,106,8.187,5.394,2.793,7724,85,71,,,,,,,,,0,0,0,0,0,0,0,,,,,,,,,,,,,,
Actual,2025-06,3,SC-02,Mumbai Andheri,Mumbai,West,Premium,159,17.024,9.471,7.553,10707,127,116,,,,,,,,,0,0,0,0,0,0,0,,,,,,,,,,,,,,
Actual,2025-06,3,SC-02,Mumbai Andheri,Mumbai,West,Mid-Market,468,34.126,21.128,12.998,7292,374,335,CMP-2502,Monsoon Service Camp,10% Service Discount,Completed,2025-06,2025-08,Flat 10% off periodic maintenance,1.25,1.536,5.08,78.63,1.49,85,5.938,2.262,,,,,,,,,,,,,,
Actual,2025-06,3,SC-02,Mumbai Andheri,Mumbai,West,Value,241,12.054,7.955,4.099,5002,193,166,,,,,,,,,0,0,0,0,0,0,0,,,,,,,,,,,,,,
Actual,2025-06,3,SC-02,Mumbai Andheri,Mumbai,West,Fleet,116,9.042,5.983,3.059,7795,93,78,,,,,,,,,0,0,0,0,0,0,0,,,,,,,,,,,,,,
Actual,2025-06,3,SC-03,Bengaluru Whitefield,Bengaluru,South,Premium,159,16.361,9.37,6.991,10290,127,117,,,,,,,,,0,0,0,0,0,0,0,,,,,,,,,,,,,,
Actual,2025-06,3,SC-03,Bengaluru Whitefield,Bengaluru,South,Mid-Market,389,27.964,16.87,11.094,7189,311,276,,,,,,,,,0,0,0,0,0,0,0,,,,,,,,,,,,,,
Actual,2025-06,3,SC-03,Bengaluru Whitefield,Bengaluru,South,Value,248,12.145,8.046,4.099,4897,198,170,,,,,,,,,0,0,0,0,0,0,0,,,,,,,,,,,,,,
Actual,2025-06,3,SC-03,Bengaluru Whitefield,Bengaluru,South,Fleet,138,10.339,6.845,3.494,7492,110,93,CMP-2520,South Fleet Engine Check,Free Engine Check,Completed,2025-05,2025-06,"Free 21-point engine check, no repair credit",1.2,0.474,1.738,25.41,0.44,18,1.309,0.442,,,,,,,,,,,,,,
Actual,2025-06,3,SC-04,Hyderabad Hitech,Hyderabad,South,Premium,130,12.89,7.361,5.529,9915,104,96,,,,,,,,,0,0,0,0,0,0,0,,,,,,,,,,,,,,
Actual,2025-06,3,SC-04,Hyderabad Hitech,Hyderabad,South,Mid-Market,303,20.592,12.619,7.973,6796,242,215,,,,,,,,,0,0,0,0,0,0,0,,,,,,,,,,,,,,
Actual,2025-06,3,SC-04,Hyderabad Hitech,Hyderabad,South,Value,187,8.693,5.782,2.911,4649,150,130,,,,,,,,,0,0,0,0,0,0,0,,,,,,,,,,,,,,
Actual,2025-06,3,SC-04,Hyderabad Hitech,Hyderabad,South,Fleet,108,7.844,5.298,2.546,7263,86,73,CMP-2520,South Fleet Engine Check,Free Engine Check,Completed,2025-05,2025-06,"Free 21-point engine check, no repair credit",1.2,0.372,1.365,19.96,0.359,16,1.115,0.362,,,,,,,,,,,,,,
Actual,2025-06,3,SC-05,Chennai OMR,Chennai,South,Premium,105,10.396,5.843,4.553,9901,84,77,,,,,,,,,0,0,0,0,0,0,0,,,,,,,,,,,,,,
Actual,2025-06,3,SC-05,Chennai OMR,Chennai,South,Mid-Market,247,16.723,10.198,6.525,6770,198,177,,,,,,,,,0,0,0,0,0,0,0,,,,,,,,,,,,,,
Actual,2025-06,3,SC-05,Chennai OMR,Chennai,South,Value,160,7.425,4.907,2.518,4641,128,110,,,,,,,,,0,0,0,0,0,0,0,,,,,,,,,,,,,,
Actual,2025-06,3,SC-05,Chennai OMR,Chennai,South,Fleet,89,6.419,4.347,2.072,7212,71,60,CMP-2520,South Fleet Engine Check,Free Engine Check,Completed,2025-05,2025-06,"Free 21-point engine check, no repair credit",1.2,0.304,1.117,16.33,0.28,12,0.85,0.274,,,,,,,,,,,,,,
Actual,2025-06,3,SC-06,Kolkata Salt Lake,Kolkata,East,Premium,94,8.798,5.062,3.736,9360,75,69,,,,,,,,,0,0,0,0,0,0,0,,,,,,,,,,,,,,
Actual,2025-06,3,SC-06,Kolkata Salt Lake,Kolkata,East,Mid-Market,218,14.005,8.454,5.551,6424,174,154,,,,,,,,,0,0,0,0,0,0,0,,,,,,,,,,,,,,
Actual,2025-06,3,SC-06,Kolkata Salt Lake,Kolkata,East,Value,136,5.974,3.95,2.024,4393,109,94,,,,,,,,,0,0,0,0,0,0,0,,,,,,,,,,,,,,
Actual,2025-06,3,SC-06,Kolkata Salt Lake,Kolkata,East,Fleet,67,4.602,3.102,1.5,6869,54,45,,,,,,,,,0,0,0,0,0,0,0,,,,,,,,,,,,,,
Actual,2025-06,3,SC-07,Pune Hinjewadi,Pune,West,Premium,115,11.557,6.597,4.96,10050,92,85,,,,,,,,,0,0,0,0,0,0,0,,,,,,,,,,,,,,
Actual,2025-06,3,SC-07,Pune Hinjewadi,Pune,West,Mid-Market,343,23.803,14.856,8.947,6940,274,246,CMP-2502,Monsoon Service Camp,10% Service Discount,Completed,2025-06,2025-08,Flat 10% off periodic maintenance,1.25,1.097,3.628,56.17,1.029,67,4.471,1.68,,,,,,,,,,,,,,
Actual,2025-06,3,SC-07,Pune Hinjewadi,Pune,West,Value,178,8.404,5.53,2.874,4721,142,123,,,,,,,,,0,0,0,0,0,0,0,,,,,,,,,,,,,,
Actual,2025-06,3,SC-07,Pune Hinjewadi,Pune,West,Fleet,85,6.293,4.172,2.121,7404,68,57,,,,,,,,,0,0,0,0,0,0,0,,,,,,,,,,,,,,
Actual,2025-06,3,SC-08,Jaipur Vaishali,Jaipur,North,Premium,71,6.5,3.707,2.793,9155,57,53,,,,,,,,,0,0,0,0,0,0,0,,,,,,,,,,,,,,
Actual,2025-06,3,SC-08,Jaipur Vaishali,Jaipur,North,Mid-Market,164,10.445,6.388,4.057,6369,131,117,,,,,,,,,0,0,0,0,0,0,0,,,,,,,,,,,,,,
Actual,2025-06,3,SC-08,Jaipur Vaishali,Jaipur,North,Value,105,4.55,3.027,1.523,4333,84,72,,,,,,,,,0,0,0,0,0,0,0,,,,,,,,,,,,,,
Actual,2025-06,3,SC-08,Jaipur Vaishali,Jaipur,North,Fleet,49,3.266,2.198,1.068,6665,39,33,,,,,,,,,0,0,0,0,0,0,0,,,,,,,,,,,,,,
Actual,2025-06,3,SC-09,Nagpur Sitabuldi,Nagpur,Central,Premium,90,8.216,4.743,3.473,9129,72,66,,,,,,,,,0,0,0,0,0,0,0,,,,,,,,,,,,,,
Actual,2025-06,3,SC-09,Nagpur Sitabuldi,Nagpur,Central,Mid-Market,220,13.652,8.48,5.172,6205,176,156,,,,,,,,,0,0,0,0,0,0,0,,,,,,,,,,,,,,
Actual,2025-06,3,SC-09,Nagpur Sitabuldi,Nagpur,Central,Value,142,6.075,4.016,2.059,4278,114,98,,,,,,,,,0,0,0,0,0,0,0,,,,,,,,,,,,,,
Actual,2025-06,3,SC-09,Nagpur Sitabuldi,Nagpur,Central,Fleet,68,4.5,3.045,1.455,6618,54,45,,,,,,,,,0,0,0,0,0,0,0,,,,,,,,,,,,,,
Actual,2025-06,3,SC-10,Indore Vijay Nagar,Indore,Central,Premium,80,7.321,4.149,3.172,9151,64,59,,,,,,,,,0,0,0,0,0,0,0,,,,,,,,,,,,,,
Actual,2025-06,3,SC-10,Indore Vijay Nagar,Indore,Central,Mid-Market,186,11.614,7.077,4.537,6244,149,133,,,,,,,,,0,0,0,0,0,0,0,,,,,,,,,,,,,,
Actual,2025-06,3,SC-10,Indore Vijay Nagar,Indore,Central,Value,124,5.227,3.466,1.761,4215,99,85,,,,,,,,,0,0,0,0,0,0,0,,,,,,,,,,,,,,
Actual,2025-06,3,SC-10,Indore Vijay Nagar,Indore,Central,Fleet,59,3.926,2.615,1.311,6654,47,39,,,,,,,,,0,0,0,0,0,0,0,,,,,,,,,,,,,,
Actual,2025-07,4,SC-01,Delhi Downtown,Delhi,North,Premium,147,15.191,8.638,6.553,10334,118,109,,,,,,,,,0,0,0,0,0,0,0,,,,,,,,,,,,,,
Actual,2025-07,4,SC-01,Delhi Downtown,Delhi,North,Mid-Market,412,29.959,18.283,11.676,7272,330,298,CMP-2517,Mid-Market Service Month,10% Service Discount,Completed,2025-07,2025-08,Flat 10% off periodic maintenance,1.3,1.368,4.706,72.85,1.369,73,5.092,1.985,,,,,,,,,,,,,,
Actual,2025-07,4,SC-01,Delhi Downtown,Delhi,North,Value,224,11.086,7.262,3.824,4949,179,154,,,,,,,,,0,0,0,0,0,0,0,,,,,,,,,,,,,,
Actual,2025-07,4,SC-01,Delhi Downtown,Delhi,North,Fleet,110,8.393,5.516,2.877,7630,88,74,,,,,,,,,0,0,0,0,0,0,0,,,,,,,,,,,,,,
Actual,2025-07,4,SC-02,Mumbai Andheri,Mumbai,West,Premium,163,17.319,9.622,7.697,10625,130,119,,,,,,,,,0,0,0,0,0,0,0,,,,,,,,,,,,,,
Actual,2025-07,4,SC-02,Mumbai Andheri,Mumbai,West,Mid-Market,452,33.272,20.679,12.593,7361,362,324,CMP-2502,Monsoon Service Camp,10% Service Discount,Completed,2025-06,2025-08,Flat 10% off periodic maintenance,1.25,1.536,5.08,78.63,1.426,80,5.673,2.147,,,,,,,,,,,,,,
Actual,2025-07,4,SC-02,Mumbai Andheri,Mumbai,West,Value,292,14.412,9.471,4.941,4936,234,203,CMP-2504,Monsoon Shield Bundle,Service + Car Wash Bundle,Completed,2025-07,2025-09,Service + wash bundle at a fixed price,1.3,0.661,2.566,58.71,0.632,56,2.641,0.905,,,,,,,,,,,,,,
Actual,2025-07,4,SC-02,Mumbai Andheri,Mumbai,West,Fleet,113,8.935,5.86,3.075,7907,90,76,,,,,,,,,0,0,0,0,0,0,0,,,,,,,,,,,,,,
Actual,2025-07,4,SC-03,Bengaluru Whitefield,Bengaluru,South,Premium,163,16.907,9.414,7.493,10372,130,120,,,,,,,,,0,0,0,0,0,0,0,,,,,,,,,,,,,,
Actual,2025-07,4,SC-03,Bengaluru Whitefield,Bengaluru,South,Mid-Market,378,26.847,16.241,10.606,7102,302,270,,,,,,,,,0,0,0,0,0,0,0,,,,,,,,,,,,,,
Actual,2025-07,4,SC-03,Bengaluru Whitefield,Bengaluru,South,Value,234,11.461,7.556,3.905,4898,187,160,,,,,,,,,0,0,0,0,0,0,0,,,,,,,,,,,,,,
Actual,2025-07,4,SC-03,Bengaluru Whitefield,Bengaluru,South,Fleet,113,8.554,5.656,2.898,7570,90,76,,,,,,,,,0,0,0,0,0,0,0,,,,,,,,,,,,,,
Actual,2025-07,4,SC-04,Hyderabad Hitech,Hyderabad,South,Premium,125,12.288,7.052,5.236,9830,100,92,,,,,,,,,0,0,0,0,0,0,0,,,,,,,,,,,,,,
Actual,2025-07,4,SC-04,Hyderabad Hitech,Hyderabad,South,Mid-Market,292,20.093,12.288,7.805,6881,234,210,,,,,,,,,0,0,0,0,0,0,0,,,,,,,,,,,,,,
Actual,2025-07,4,SC-04,Hyderabad Hitech,Hyderabad,South,Value,190,8.73,5.758,2.972,4595,152,130,,,,,,,,,0,0,0,0,0,0,0,,,,,,,,,,,,,,
Actual,2025-07,4,SC-04,Hyderabad Hitech,Hyderabad,South,Fleet,91,6.653,4.407,2.246,7311,73,61,,,,,,,,,0,0,0,0,0,0,0,,,,,,,,,,,,,,
Actual,2025-07,4,SC-05,Chennai OMR,Chennai,South,Premium,100,9.886,5.625,4.261,9886,80,74,,,,,,,,,0,0,0,0,0,0,0,,,,,,,,,,,,,,
Actual,2025-07,4,SC-05,Chennai OMR,Chennai,South,Mid-Market,235,16.016,9.661,6.355,6815,188,167,,,,,,,,,0,0,0,0,0,0,0,,,,,,,,,,,,,,
Actual,2025-07,4,SC-05,Chennai OMR,Chennai,South,Value,158,7.365,4.85,2.515,4661,126,108,,,,,,,,,0,0,0,0,0,0,0,,,,,,,,,,,,,,
Actual,2025-07,4,SC-05,Chennai OMR,Chennai,South,Fleet,75,5.387,3.629,1.758,7183,60,50,,,,,,,,,0,0,0,0,0,0,0,,,,,,,,,,,,,,
Actual,2025-07,4,SC-06,Kolkata Salt Lake,Kolkata,East,Premium,91,8.433,4.832,3.601,9267,73,67,,,,,,,,,0,0,0,0,0,0,0,,,,,,,,,,,,,,
Actual,2025-07,4,SC-06,Kolkata Salt Lake,Kolkata,East,Mid-Market,218,14.062,8.665,5.397,6450,174,155,,,,,,,,,0,0,0,0,0,0,0,,,,,,,,,,,,,,
Actual,2025-07,4,SC-06,Kolkata Salt Lake,Kolkata,East,Value,138,6.051,3.988,2.063,4385,110,95,,,,,,,,,0,0,0,0,0,0,0,,,,,,,,,,,,,,
Actual,2025-07,4,SC-06,Kolkata Salt Lake,Kolkata,East,Fleet,65,4.443,2.988,1.455,6835,52,44,,,,,,,,,0,0,0,0,0,0,0,,,,,,,,,,,,,,
Actual,2025-07,4,SC-07,Pune Hinjewadi,Pune,West,Premium,112,11.256,6.32,4.936,10050,90,82,,,,,,,,,0,0,0,0,0,0,0,,,,,,,,,,,,,,
Actual,2025-07,4,SC-07,Pune Hinjewadi,Pune,West,Mid-Market,342,23.554,14.44,9.114,6887,274,246,CMP-2502,Monsoon Service Camp,10% Service Discount,Completed,2025-06,2025-08,Flat 10% off periodic maintenance,1.25,1.097,3.628,56.17,1.118,70,4.611,1.784,,,,,,,,,,,,,,
Actual,2025-07,4,SC-07,Pune Hinjewadi,Pune,West,Value,213,9.939,6.638,3.301,4666,170,147,CMP-2504,Monsoon Shield Bundle,Service + Car Wash Bundle,Completed,2025-07,2025-09,Service + wash bundle at a fixed price,1.3,0.472,1.833,41.93,0.468,46,2.057,0.683,,,,,,,,,,,,,,
Actual,2025-07,4,SC-07,Pune Hinjewadi,Pune,West,Fleet,81,5.953,3.94,2.013,7349,65,55,,,,,,,,,0,0,0,0,0,0,0,,,,,,,,,,,,,,
Actual,2025-07,4,SC-08,Jaipur Vaishali,Jaipur,North,Premium,70,6.422,3.68,2.742,9174,56,51,,,,,,,,,0,0,0,0,0,0,0,,,,,,,,,,,,,,
Actual,2025-07,4,SC-08,Jaipur Vaishali,Jaipur,North,Mid-Market,201,12.584,7.797,4.787,6261,161,144,CMP-2517,Mid-Market Service Month,10% Service Discount,Completed,2025-07,2025-08,Flat 10% off periodic maintenance,1.3,0.632,2.172,33.62,0.642,38,2.263,0.861,,,,,,,,,,,,,,
Actual,2025-07,4,SC-08,Jaipur Vaishali,Jaipur,North,Value,103,4.429,2.945,1.484,4300,82,71,,,,,,,,,0,0,0,0,0,0,0,,,,,,,,,,,,,,
Actual,2025-07,4,SC-08,Jaipur Vaishali,Jaipur,North,Fleet,49,3.282,2.208,1.074,6698,39,33,,,,,,,,,0,0,0,0,0,0,0,,,,,,,,,,,,,,
Actual,2025-07,4,SC-09,Nagpur Sitabuldi,Nagpur,Central,Premium,94,8.447,4.881,3.566,8986,75,69,,,,,,,,,0,0,0,0,0,0,0,,,,,,,,,,,,,,
Actual,2025-07,4,SC-09,Nagpur Sitabuldi,Nagpur,Central,Mid-Market,212,13.305,8.151,5.154,6276,170,152,,,,,,,,,0,0,0,0,0,0,0,,,,,,,,,,,,,,
Actual,2025-07,4,SC-09,Nagpur Sitabuldi,Nagpur,Central,Value,141,5.957,3.901,2.056,4225,113,98,,,,,,,,,0,0,0,0,0,0,0,,,,,,,,,,,,,,
Actual,2025-07,4,SC-09,Nagpur Sitabuldi,Nagpur,Central,Fleet,67,4.512,3.005,1.507,6734,54,45,,,,,,,,,0,0,0,0,0,0,0,,,,,,,,,,,,,,
Actual,2025-07,4,SC-10,Indore Vijay Nagar,Indore,Central,Premium,78,7.122,4.118,3.004,9131,62,57,,,,,,,,,0,0,0,0,0,0,0,,,,,,,,,,,,,,
Actual,2025-07,4,SC-10,Indore Vijay Nagar,Indore,Central,Mid-Market,191,11.961,7.285,4.676,6262,153,137,,,,,,,,,0,0,0,0,0,0,0,,,,,,,,,,,,,,
Actual,2025-07,4,SC-10,Indore Vijay Nagar,Indore,Central,Value,119,5.077,3.333,1.744,4266,95,81,,,,,,,,,0,0,0,0,0,0,0,,,,,,,,,,,,,,
Actual,2025-07,4,SC-10,Indore Vijay Nagar,Indore,Central,Fleet,57,3.754,2.546,1.208,6586,46,39,,,,,,,,,0,0,0,0,0,0,0,,,,,,,,,,,,,,
Actual,2025-08,5,SC-01,Delhi Downtown,Delhi,North,Premium,151,15.93,9.073,6.857,10550,121,111,,,,,,,,,0,0,0,0,0,0,0,,,,,,,,,,,,,,
Actual,2025-08,5,SC-01,Delhi Downtown,Delhi,North,Mid-Market,441,32.147,19.581,12.566,7290,353,315,CMP-2517,Mid-Market Service Month,10% Service Discount,Completed,2025-07,2025-08,Flat 10% off periodic maintenance,1.3,1.368,4.706,72.85,1.38,72,5.043,1.971,,,,,,,,,,,,,,
Actual,2025-08,5,SC-01,Delhi Downtown,Delhi,North,Value,236,11.601,7.558,4.043,4916,189,163,,,,,,,,,0,0,0,0,0,0,0,,,,,,,,,,,,,,
Actual,2025-08,5,SC-01,Delhi Downtown,Delhi,North,Fleet,130,9.894,6.555,3.339,7611,104,89,CMP-2503,Fleet Health Pilot,Free Engine Check,Completed,2025-08,2025-09,"Free 21-point engine check, no repair credit",1.2,0.445,1.632,23.86,0.428,18,1.335,0.451,,,,,,,,,,,,,,
Actual,2025-08,5,SC-02,Mumbai Andheri,Mumbai,West,Premium,169,17.871,10.132,7.739,10575,135,125,,,,,,,,,0,0,0,0,0,0,0,,,,,,,,,,,,,,
Actual,2025-08,5,SC-02,Mumbai Andheri,Mumbai,West,Mid-Market,477,35.13,21.664,13.466,7365,382,342,CMP-2502,Monsoon Service Camp,10% Service Discount,Completed,2025-06,2025-08,Flat 10% off periodic maintenance,1.25,1.536,5.08,78.63,1.487,87,6.114,2.344,,,,,,,,,,,,,,
Actual,2025-08,5,SC-02,Mumbai Andheri,Mumbai,West,Value,305,15.112,9.935,5.177,4955,244,212,CMP-2504,Monsoon Shield Bundle,Service + Car Wash Bundle,Completed,2025-07,2025-09,Service + wash bundle at a fixed price,1.3,0.661,2.566,58.71,0.657,54,2.548,0.873,,,,,,,,,,,,,,
Actual,2025-08,5,SC-02,Mumbai Andheri,Mumbai,West,Fleet,120,9.332,6.136,3.196,7777,96,81,,,,,,,,,0,0,0,0,0,0,0,,,,,,,,,,,,,,
Actual,2025-08,5,SC-03,Bengaluru Whitefield,Bengaluru,South,Premium,164,16.892,9.438,7.454,10300,131,120,,,,,,,,,0,0,0,0,0,0,0,,,,,,,,,,,,,,
Actual,2025-08,5,SC-03,Bengaluru Whitefield,Bengaluru,South,Mid-Market,400,28.981,17.373,11.608,7245,320,287,,,,,,,,,0,0,0,0,0,0,0,,,,,,,,,,,,,,
Actual,2025-08,5,SC-03,Bengaluru Whitefield,Bengaluru,South,Value,244,11.878,7.697,4.181,4868,195,168,,,,,,,,,0,0,0,0,0,0,0,,,,,,,,,,,,,,
Actual,2025-08,5,SC-03,Bengaluru Whitefield,Bengaluru,South,Fleet,121,9.318,6.13,3.188,7701,97,82,,,,,,,,,0,0,0,0,0,0,0,,,,,,,,,,,,,,
Actual,2025-08,5,SC-04,Hyderabad Hitech,Hyderabad,South,Premium,131,12.901,7.336,5.565,9848,105,97,,,,,,,,,0,0,0,0,0,0,0,,,,,,,,,,,,,,
Actual,2025-08,5,SC-04,Hyderabad Hitech,Hyderabad,South,Mid-Market,299,20.495,12.487,8.008,6855,239,212,,,,,,,,,0,0,0,0,0,0,0,,,,,,,,,,,,,,
Actual,2025-08,5,SC-04,Hyderabad Hitech,Hyderabad,South,Value,200,9.277,6.156,3.121,4638,160,137,,,,,,,,,0,0,0,0,0,0,0,,,,,,,,,,,,,,
Actual,2025-08,5,SC-04,Hyderabad Hitech,Hyderabad,South,Fleet,94,6.748,4.503,2.245,7179,75,63,,,,,,,,,0,0,0,0,0,0,0,,,,,,,,,,,,,,
Actual,2025-08,5,SC-05,Chennai OMR,Chennai,South,Premium,109,10.879,6.244,4.635,9981,87,81,,,,,,,,,0,0,0,0,0,0,0,,,,,,,,,,,,,,
Actual,2025-08,5,SC-05,Chennai OMR,Chennai,South,Mid-Market,245,16.688,10.195,6.493,6811,196,174,,,,,,,,,0,0,0,0,0,0,0,,,,,,,,,,,,,,
Actual,2025-08,5,SC-05,Chennai OMR,Chennai,South,Value,161,7.523,5.001,2.522,4673,129,111,,,,,,,,,0,0,0,0,0,0,0,,,,,,,,,,,,,,
Actual,2025-08,5,SC-05,Chennai OMR,Chennai,South,Fleet,77,5.641,3.733,1.908,7326,62,52,,,,,,,,,0,0,0,0,0,0,0,,,,,,,,,,,,,,
Actual,2025-08,5,SC-06,Kolkata Salt Lake,Kolkata,East,Premium,96,8.935,5.097,3.838,9307,77,71,,,,,,,,,0,0,0,0,0,0,0,,,,,,,,,,,,,,
Actual,2025-08,5,SC-06,Kolkata Salt Lake,Kolkata,East,Mid-Market,216,14.115,8.515,5.6,6535,173,153,,,,,,,,,0,0,0,0,0,0,0,,,,,,,,,,,,,,
Actual,2025-08,5,SC-06,Kolkata Salt Lake,Kolkata,East,Value,147,6.409,4.276,2.133,4360,118,102,,,,,,,,,0,0,0,0,0,0,0,,,,,,,,,,,,,,
Actual,2025-08,5,SC-06,Kolkata Salt Lake,Kolkata,East,Fleet,69,4.755,3.22,1.535,6891,55,46,,,,,,,,,0,0,0,0,0,0,0,,,,,,,,,,,,,,
Actual,2025-08,5,SC-07,Pune Hinjewadi,Pune,West,Premium,118,11.982,6.705,5.277,10154,94,86,,,,,,,,,0,0,0,0,0,0,0,,,,,,,,,,,,,,
Actual,2025-08,5,SC-07,Pune Hinjewadi,Pune,West,Mid-Market,348,24.185,14.918,9.267,6950,278,250,CMP-2502,Monsoon Service Camp,10% Service Discount,Completed,2025-06,2025-08,Flat 10% off periodic maintenance,1.25,1.097,3.628,56.17,1.113,65,4.33,1.659,,,,,,,,,,,,,,
Actual,2025-08,5,SC-07,Pune Hinjewadi,Pune,West,Value,225,10.654,7.066,3.588,4735,180,156,CMP-2504,Monsoon Shield Bundle,Service + Car Wash Bundle,Completed,2025-07,2025-09,Service + wash bundle at a fixed price,1.3,0.472,1.833,41.93,0.495,46,2.089,0.703,,,,,,,,,,,,,,
Actual,2025-08,5,SC-07,Pune Hinjewadi,Pune,West,Fleet,84,6.197,4.125,2.072,7377,67,57,,,,,,,,,0,0,0,0,0,0,0,,,,,,,,,,,,,,
Actual,2025-08,5,SC-08,Jaipur Vaishali,Jaipur,North,Premium,71,6.552,3.712,2.84,9228,57,53,,,,,,,,,0,0,0,0,0,0,0,,,,,,,,,,,,,,
Actual,2025-08,5,SC-08,Jaipur Vaishali,Jaipur,North,Mid-Market,213,13.521,8.403,5.118,6348,170,154,CMP-2517,Mid-Market Service Month,10% Service Discount,Completed,2025-07,2025-08,Flat 10% off periodic maintenance,1.3,0.632,2.172,33.62,0.643,42,2.568,0.972,,,,,,,,,,,,,,
Actual,2025-08,5,SC-08,Jaipur Vaishali,Jaipur,North,Value,110,4.745,3.156,1.589,4314,88,76,,,,,,,,,0,0,0,0,0,0,0,,,,,,,,,,,,,,
Actual,2025-08,5,SC-08,Jaipur Vaishali,Jaipur,North,Fleet,61,4.063,2.708,1.355,6661,49,42,CMP-2503,Fleet Health Pilot,Free Engine Check,Completed,2025-08,2025-09,"Free 21-point engine check, no repair credit",1.2,0.205,0.753,11.01,0.19,9,0.564,0.188,,,,,,,,,,,,,,
Actual,2025-08,5,SC-09,Nagpur Sitabuldi,Nagpur,Central,Premium,98,8.895,5.066,3.829,9077,78,72,,,,,,,,,0,0,0,0,0,0,0,,,,,,,,,,,,,,
Actual,2025-08,5,SC-09,Nagpur Sitabuldi,Nagpur,Central,Mid-Market,228,14.513,8.812,5.701,6365,182,162,,,,,,,,,0,0,0,0,0,0,0,,,,,,,,,,,,,,
Actual,2025-08,5,SC-09,Nagpur Sitabuldi,Nagpur,Central,Value,146,6.258,4.176,2.082,4286,117,101,,,,,,,,,0,0,0,0,0,0,0,,,,,,,,,,,,,,
Actual,2025-08,5,SC-09,Nagpur Sitabuldi,Nagpur,Central,Fleet,67,4.442,3.017,1.425,6630,54,46,,,,,,,,,0,0,0,0,0,0,0,,,,,,,,,,,,,,
Actual,2025-08,5,SC-10,Indore Vijay Nagar,Indore,Central,Premium,83,7.526,4.308,3.218,9067,66,61,,,,,,,,,0,0,0,0,0,0,0,,,,,,,,,,,,,,
Actual,2025-08,5,SC-10,Indore Vijay Nagar,Indore,Central,Mid-Market,197,12.443,7.557,4.886,6316,158,140,,,,,,,,,0,0,0,0,0,0,0,,,,,,,,,,,,,,
Actual,2025-08,5,SC-10,Indore Vijay Nagar,Indore,Central,Value,122,5.238,3.457,1.781,4293,98,85,,,,,,,,,0,0,0,0,0,0,0,,,,,,,,,,,,,,
Actual,2025-08,5,SC-10,Indore Vijay Nagar,Indore,Central,Fleet,60,3.964,2.637,1.327,6607,48,41,,,,,,,,,0,0,0,0,0,0,0,,,,,,,,,,,,,,
Actual,2025-09,6,SC-01,Delhi Downtown,Delhi,North,Premium,164,17.177,9.591,7.586,10474,131,120,,,,,,,,,0,0,0,0,0,0,0,,,,,,,,,,,,,,
Actual,2025-09,6,SC-01,Delhi Downtown,Delhi,North,Mid-Market,381,27.973,16.933,11.04,7342,305,271,,,,,,,,,0,0,0,0,0,0,0,,,,,,,,,,,,,,
Actual,2025-09,6,SC-01,Delhi Downtown,Delhi,North,Value,245,11.921,7.835,4.086,4866,196,169,,,,,,,,,0,0,0,0,0,0,0,,,,,,,,,,,,,,
Actual,2025-09,6,SC-01,Delhi Downtown,Delhi,North,Fleet,131,9.92,6.536,3.384,7573,105,89,CMP-2503,Fleet Health Pilot,Free Engine Check,Completed,2025-08,2025-09,"Free 21-point engine check, no repair credit",1.2,0.445,1.632,23.86,0.438,18,1.294,0.441,,,,,,,,,,,,,,
Actual,2025-09,6,SC-02,Mumbai Andheri,Mumbai,West,Premium,178,19.13,10.695,8.435,10747,142,132,,,,,,,,,0,0,0,0,0,0,0,,,,,,,,,,,,,,
Actual,2025-09,6,SC-02,Mumbai Andheri,Mumbai,West,Mid-Market,410,30.632,18.343,12.289,7471,328,291,,,,,,,,,0,0,0,0,0,0,0,,,,,,,,,,,,,,
Actual,2025-09,6,SC-02,Mumbai Andheri,Mumbai,West,Value,308,15.496,10.051,5.445,5031,246,214,CMP-2504,Monsoon Shield Bundle,Service + Car Wash Bundle,Completed,2025-07,2025-09,Service + wash bundle at a fixed price,1.3,0.661,2.566,58.71,0.671,51,2.463,0.865,,,,,,,,,,,,,,
Actual,2025-09,6,SC-02,Mumbai Andheri,Mumbai,West,Fleet,125,9.75,6.442,3.308,7800,100,84,,,,,,,,,0,0,0,0,0,0,0,,,,,,,,,,,,,,
Actual,2025-09,6,SC-03,Bengaluru Whitefield,Bengaluru,South,Premium,177,18.43,10.466,7.964,10412,142,132,,,,,,,,,0,0,0,0,0,0,0,,,,,,,,,,,,,,
Actual,2025-09,6,SC-03,Bengaluru Whitefield,Bengaluru,South,Mid-Market,393,28.078,16.943,11.135,7145,314,280,,,,,,,,,0,0,0,0,0,0,0,,,,,,,,,,,,,,
Actual,2025-09,6,SC-03,Bengaluru Whitefield,Bengaluru,South,Value,315,15.323,10.046,5.277,4864,252,219,CMP-2516,Southern Value Voucher,₹500 Discount Voucher,Completed,2025-09,2025-10,60-day voucher expiry,1.3,0.7,2.758,63.1,0.699,49,2.265,0.78,,,,,,,,,,,,,,
Actual,2025-09,6,SC-03,Bengaluru Whitefield,Bengaluru,South,Fleet,126,9.629,6.392,3.237,7642,101,85,,,,,,,,,0,0,0,0,0,0,0,,,,,,,,,,,,,,
Actual,2025-09,6,SC-04,Hyderabad Hitech,Hyderabad,South,Premium,133,13.249,7.563,5.686,9962,106,98,,,,,,,,,0,0,0,0,0,0,0,,,,,,,,,,,,,,
Actual,2025-09,6,SC-04,Hyderabad Hitech,Hyderabad,South,Mid-Market,312,21.596,12.919,8.677,6922,250,222,,,,,,,,,0,0,0,0,0,0,0,,,,,,,,,,,,,,
Actual,2025-09,6,SC-04,Hyderabad Hitech,Hyderabad,South,Value,249,11.565,7.614,3.951,4645,199,173,CMP-2516,Southern Value Voucher,₹500 Discount Voucher,Completed,2025-09,2025-10,60-day voucher expiry,1.3,0.55,2.167,49.58,0.521,41,1.807,0.617,,,,,,,,,,,,,,
Actual,2025-09,6,SC-04,Hyderabad Hitech,Hyderabad,South,Fleet,99,7.128,4.791,2.337,7200,79,66,,,,,,,,,0,0,0,0,0,0,0,,,,,,,,,,,,,,
Actual,2025-09,6,SC-05,Chennai OMR,Chennai,South,Premium,112,11.001,6.239,4.762,9822,90,83,,,,,,,,,0,0,0,0,0,0,0,,,,,,,,,,,,,,
Actual,2025-09,6,SC-05,Chennai OMR,Chennai,South,Mid-Market,267,18.434,11.145,7.289,6904,214,190,,,,,,,,,0,0,0,0,0,0,0,,,,,,,,,,,,,,
Actual,2025-09,6,SC-05,Chennai OMR,Chennai,South,Value,207,9.499,6.289,3.21,4589,166,145,CMP-2516,Southern Value Voucher,₹500 Discount Voucher,Completed,2025-09,2025-10,60-day voucher expiry,1.3,0.45,1.773,40.57,0.449,37,1.618,0.547,,,,,,,,,,,,,,
Actual,2025-09,6,SC-05,Chennai OMR,Chennai,South,Fleet,80,5.785,3.86,1.925,7231,64,54,,,,,,,,,0,0,0,0,0,0,0,,,,,,,,,,,,,,
Actual,2025-09,6,SC-06,Kolkata Salt Lake,Kolkata,East,Premium,100,9.303,5.329,3.974,9303,80,74,,,,,,,,,0,0,0,0,0,0,0,,,,,,,,,,,,,,
Actual,2025-09,6,SC-06,Kolkata Salt Lake,Kolkata,East,Mid-Market,224,14.657,8.922,5.735,6543,179,159,,,,,,,,,0,0,0,0,0,0,0,,,,,,,,,,,,,,
Actual,2025-09,6,SC-06,Kolkata Salt Lake,Kolkata,East,Value,147,6.489,4.233,2.256,4414,118,102,,,,,,,,,0,0,0,0,0,0,0,,,,,,,,,,,,,,
Actual,2025-09,6,SC-06,Kolkata Salt Lake,Kolkata,East,Fleet,98,6.726,4.498,2.228,6863,78,67,CMP-2515,Fleet Wash Pilot,Free Car Wash,Completed,2025-09,2025-10,Wash offered at fleet depot visits,1.25,0.5,1.917,28.03,0.512,27,1.768,0.586,,,,,,,,,,,,,,
Actual,2025-09,6,SC-07,Pune Hinjewadi,Pune,West,Premium,123,12.489,7.015,5.474,10154,98,90,,,,,,,,,0,0,0,0,0,0,0,,,,,,,,,,,,,,
Actual,2025-09,6,SC-07,Pune Hinjewadi,Pune,West,Mid-Market,295,20.427,12.514,7.913,6924,236,210,,,,,,,,,0,0,0,0,0,0,0,,,,,,,,,,,,,,
Actual,2025-09,6,SC-07,Pune Hinjewadi,Pune,West,Value,226,10.716,7.099,3.617,4742,181,157,CMP-2504,Monsoon Shield Bundle,Service + Car Wash Bundle,Completed,2025-07,2025-09,Service + wash bundle at a fixed price,1.3,0.472,1.833,41.93,0.449,43,1.961,0.662,,,,,,,,,,,,,,
Actual,2025-09,6,SC-07,Pune Hinjewadi,Pune,West,Fleet,91,6.782,4.511,2.271,7453,73,62,,,,,,,,,0,0,0,0,0,0,0,,,,,,,,,,,,,,
Actual,2025-09,6,SC-08,Jaipur Vaishali,Jaipur,North,Premium,73,6.646,3.797,2.849,9104,58,53,,,,,,,,,0,0,0,0,0,0,0,,,,,,,,,,,,,,
Actual,2025-09,6,SC-08,Jaipur Vaishali,Jaipur,North,Mid-Market,174,11.043,6.717,4.326,6347,139,124,,,,,,,,,0,0,0,0,0,0,0,,,,,,,,,,,,,,
Actual,2025-09,6,SC-08,Jaipur Vaishali,Jaipur,North,Value,111,4.841,3.212,1.629,4361,89,77,,,,,,,,,0,0,0,0,0,0,0,,,,,,,,,,,,,,
Actual,2025-09,6,SC-08,Jaipur Vaishali,Jaipur,North,Fleet,63,4.272,2.884,1.388,6781,50,43,CMP-2503,Fleet Health Pilot,Free Engine Check,Completed,2025-08,2025-09,"Free 21-point engine check, no repair credit",1.2,0.205,0.753,11.01,0.191,9,0.608,0.198,,,,,,,,,,,,,,
Actual,2025-09,6,SC-09,Nagpur Sitabuldi,Nagpur,Central,Premium,100,9.027,5.187,3.84,9027,80,74,,,,,,,,,0,0,0,0,0,0,0,,,,,,,,,,,,,,
Actual,2025-09,6,SC-09,Nagpur Sitabuldi,Nagpur,Central,Mid-Market,236,14.763,8.941,5.822,6256,189,169,,,,,,,,,0,0,0,0,0,0,0,,,,,,,,,,,,,,
Actual,2025-09,6,SC-09,Nagpur Sitabuldi,Nagpur,Central,Value,145,6.271,4.128,2.143,4325,116,100,,,,,,,,,0,0,0,0,0,0,0,,,,,,,,,,,,,,
Actual,2025-09,6,SC-09,Nagpur Sitabuldi,Nagpur,Central,Fleet,70,4.654,3.143,1.511,6649,56,47,,,,,,,,,0,0,0,0,0,0,0,,,,,,,,,,,,,,
Actual,2025-09,6,SC-10,Indore Vijay Nagar,Indore,Central,Premium,87,7.837,4.461,3.376,9008,70,64,,,,,,,,,0,0,0,0,0,0,0,,,,,,,,,,,,,,
Actual,2025-09,6,SC-10,Indore Vijay Nagar,Indore,Central,Mid-Market,198,12.579,7.762,4.817,6353,158,142,,,,,,,,,0,0,0,0,0,0,0,,,,,,,,,,,,,,
Actual,2025-09,6,SC-10,Indore Vijay Nagar,Indore,Central,Value,130,5.563,3.651,1.912,4279,104,90,,,,,,,,,0,0,0,0,0,0,0,,,,,,,,,,,,,,
Actual,2025-09,6,SC-10,Indore Vijay Nagar,Indore,Central,Fleet,63,4.212,2.843,1.369,6686,50,42,,,,,,,,,0,0,0,0,0,0,0,,,,,,,,,,,,,,
Actual,2025-10,7,SC-01,Delhi Downtown,Delhi,North,Premium,173,18.177,10.127,8.05,10507,138,128,,,,,,,,,0,0,0,0,0,0,0,,,,,,,,,,,,,,
Actual,2025-10,7,SC-01,Delhi Downtown,Delhi,North,Mid-Market,394,28.784,17.248,11.536,7306,315,282,,,,,,,,,0,0,0,0,0,0,0,,,,,,,,,,,,,,
Actual,2025-10,7,SC-01,Delhi Downtown,Delhi,North,Value,291,14.188,9.298,4.89,4876,233,204,CMP-2505,Festive Voucher Drop,₹500 Discount Voucher,Completed,2025-10,2025-11,60-day voucher expiry,1.3,0.65,2.561,58.6,0.609,40,1.845,0.636,,,,,,,,,,,,,,
Actual,2025-10,7,SC-01,Delhi Downtown,Delhi,North,Fleet,122,9.531,6.281,3.25,7812,98,82,,,,,,,,,0,0,0,0,0,0,0,,,,,,,,,,,,,,
Actual,2025-10,7,SC-02,Mumbai Andheri,Mumbai,West,Premium,178,19.189,10.679,8.51,10780,142,130,,,,,,,,,0,0,0,0,0,0,0,,,,,,,,,,,,,,
Actual,2025-10,7,SC-02,Mumbai Andheri,Mumbai,West,Mid-Market,438,32.74,19.592,13.148,7475,350,312,,,,,,,,,0,0,0,0,0,0,0,,,,,,,,,,,,,,
Actual,2025-10,7,SC-02,Mumbai Andheri,Mumbai,West,Value,274,13.728,8.919,4.809,5010,219,188,,,,,,,,,0,0,0,0,0,0,0,,,,,,,,,,,,,,
Actual,2025-10,7,SC-02,Mumbai Andheri,Mumbai,West,Fleet,129,10.154,6.722,3.432,7871,103,87,,,,,,,,,0,0,0,0,0,0,0,,,,,,,,,,,,,,
Actual,2025-10,7,SC-03,Bengaluru Whitefield,Bengaluru,South,Premium,185,19.392,10.859,8.533,10482,148,136,,,,,,,,,0,0,0,0,0,0,0,,,,,,,,,,,,,,
Actual,2025-10,7,SC-03,Bengaluru Whitefield,Bengaluru,South,Mid-Market,505,36.004,21.732,14.272,7130,404,365,CMP-2506,Diwali Free Wash,Free Car Wash,Completed,2025-10,2025-11,Wash bundled into festive service slots,1.3,1.585,5.339,82.65,1.61,83,5.662,2.244,,,,,,,,,,,,,,
Actual,2025-10,7,SC-03,Bengaluru Whitefield,Bengaluru,South,Value,323,15.727,10.367,5.36,4869,258,223,CMP-2516,Southern Value Voucher,₹500 Discount Voucher,Completed,2025-09,2025-10,60-day voucher expiry,1.3,0.7,2.758,63.1,0.643,46,2.131,0.726,,,,,,,,,,,,,,
Actual,2025-10,7,SC-03,Bengaluru Whitefield,Bengaluru,South,Fleet,131,10.022,6.686,3.336,7650,105,89,,,,,,,,,0,0,0,0,0,0,0,,,,,,,,,,,,,,
Actual,2025-10,7,SC-04,Hyderabad Hitech,Hyderabad,South,Premium,144,14.169,7.913,6.256,9840,115,106,,,,,,,,,0,0,0,0,0,0,0,,,,,,,,,,,,,,
Actual,2025-10,7,SC-04,Hyderabad Hitech,Hyderabad,South,Mid-Market,404,27.785,16.811,10.974,6877,323,293,CMP-2506,Diwali Free Wash,Free Car Wash,Completed,2025-10,2025-11,Wash bundled into festive service slots,1.3,1.246,4.195,64.94,1.195,70,4.633,1.83,,,,,,,,,,,,,,
Actual,2025-10,7,SC-04,Hyderabad Hitech,Hyderabad,South,Value,255,11.787,7.798,3.989,4622,204,178,CMP-2516,Southern Value Voucher,₹500 Discount Voucher,Completed,2025-09,2025-10,60-day voucher expiry,1.3,0.55,2.167,49.58,0.5,39,1.745,0.591,,,,,,,,,,,,,,
Actual,2025-10,7,SC-04,Hyderabad Hitech,Hyderabad,South,Fleet,106,7.709,5.091,2.618,7273,85,72,,,,,,,,,0,0,0,0,0,0,0,,,,,,,,,,,,,,
Actual,2025-10,7,SC-05,Chennai OMR,Chennai,South,Premium,119,11.667,6.656,5.011,9804,95,87,,,,,,,,,0,0,0,0,0,0,0,,,,,,,,,,,,,,
Actual,2025-10,7,SC-05,Chennai OMR,Chennai,South,Mid-Market,325,22.039,13.54,8.499,6781,260,234,CMP-2506,Diwali Free Wash,Free Car Wash,Completed,2025-10,2025-11,Wash bundled into festive service slots,1.3,1.019,3.432,53.13,0.94,57,3.695,1.425,,,,,,,,,,,,,,
Actual,2025-10,7,SC-05,Chennai OMR,Chennai,South,Value,205,9.38,6.234,3.146,4576,164,143,CMP-2516,Southern Value Voucher,₹500 Discount Voucher,Completed,2025-09,2025-10,60-day voucher expiry,1.3,0.45,1.773,40.57,0.441,34,1.485,0.498,,,,,,,,,,,,,,
Actual,2025-10,7,SC-05,Chennai OMR,Chennai,South,Fleet,85,6.163,4.086,2.077,7251,68,57,,,,,,,,,0,0,0,0,0,0,0,,,,,,,,,,,,,,
Actual,2025-10,7,SC-06,Kolkata Salt Lake,Kolkata,East,Premium,102,9.562,5.45,4.112,9375,82,75,,,,,,,,,0,0,0,0,0,0,0,,,,,,,,,,,,,,
Actual,2025-10,7,SC-06,Kolkata Salt Lake,Kolkata,East,Mid-Market,239,15.69,9.632,6.058,6565,191,170,,,,,,,,,0,0,0,0,0,0,0,,,,,,,,,,,,,,
Actual,2025-10,7,SC-06,Kolkata Salt Lake,Kolkata,East,Value,160,7.023,4.661,2.362,4389,128,111,,,,,,,,,0,0,0,0,0,0,0,,,,,,,,,,,,,,
Actual,2025-10,7,SC-06,Kolkata Salt Lake,Kolkata,East,Fleet,101,6.917,4.611,2.306,6849,81,69,CMP-2515,Fleet Wash Pilot,Free Car Wash,Completed,2025-09,2025-10,Wash offered at fleet depot visits,1.25,0.5,1.917,28.03,0.464,24,1.586,0.529,,,,,,,,,,,,,,
Actual,2025-10,7,SC-07,Pune Hinjewadi,Pune,West,Premium,131,13.374,7.472,5.902,10209,105,97,,,,,,,,,0,0,0,0,0,0,0,,,,,,,,,,,,,,
Actual,2025-10,7,SC-07,Pune Hinjewadi,Pune,West,Mid-Market,306,21.347,12.847,8.5,6976,245,219,,,,,,,,,0,0,0,0,0,0,0,,,,,,,,,,,,,,
Actual,2025-10,7,SC-07,Pune Hinjewadi,Pune,West,Value,192,9.067,5.89,3.177,4722,154,132,,,,,,,,,0,0,0,0,0,0,0,,,,,,,,,,,,,,
Actual,2025-10,7,SC-07,Pune Hinjewadi,Pune,West,Fleet,96,7.101,4.733,2.368,7397,77,65,,,,,,,,,0,0,0,0,0,0,0,,,,,,,,,,,,,,
Actual,2025-10,7,SC-08,Jaipur Vaishali,Jaipur,North,Premium,80,7.411,4.166,3.245,9264,64,59,,,,,,,,,0,0,0,0,0,0,0,,,,,,,,,,,,,,
Actual,2025-10,7,SC-08,Jaipur Vaishali,Jaipur,North,Mid-Market,187,11.94,7.199,4.741,6385,150,134,,,,,,,,,0,0,0,0,0,0,0,,,,,,,,,,,,,,
Actual,2025-10,7,SC-08,Jaipur Vaishali,Jaipur,North,Value,141,6.069,4.033,2.036,4304,113,98,CMP-2505,Festive Voucher Drop,₹500 Discount Voucher,Completed,2025-10,2025-11,60-day voucher expiry,1.3,0.3,1.182,27.04,0.299,23,0.938,0.315,,,,,,,,,,,,,,
Actual,2025-10,7,SC-08,Jaipur Vaishali,Jaipur,North,Fleet,55,3.692,2.468,1.224,6713,44,37,,,,,,,,,0,0,0,0,0,0,0,,,,,,,,,,,,,,
Actual,2025-10,7,SC-09,Nagpur Sitabuldi,Nagpur,Central,Premium,105,9.694,5.491,4.203,9232,84,78,,,,,,,,,0,0,0,0,0,0,0,,,,,,,,,,,,,,
Actual,2025-10,7,SC-09,Nagpur Sitabuldi,Nagpur,Central,Mid-Market,243,15.327,9.404,5.923,6307,194,174,,,,,,,,,0,0,0,0,0,0,0,,,,,,,,,,,,,,
Actual,2025-10,7,SC-09,Nagpur Sitabuldi,Nagpur,Central,Value,160,6.779,4.437,2.342,4237,128,110,,,,,,,,,0,0,0,0,0,0,0,,,,,,,,,,,,,,
Actual,2025-10,7,SC-09,Nagpur Sitabuldi,Nagpur,Central,Fleet,75,5.031,3.401,1.63,6708,60,50,,,,,,,,,0,0,0,0,0,0,0,,,,,,,,,,,,,,
Actual,2025-10,7,SC-10,Indore Vijay Nagar,Indore,Central,Premium,92,8.299,4.704,3.595,9021,74,68,,,,,,,,,0,0,0,0,0,0,0,,,,,,,,,,,,,,
Actual,2025-10,7,SC-10,Indore Vijay Nagar,Indore,Central,Mid-Market,213,13.527,8.268,5.259,6351,170,152,,,,,,,,,0,0,0,0,0,0,0,,,,,,,,,,,,,,
Actual,2025-10,7,SC-10,Indore Vijay Nagar,Indore,Central,Value,134,5.77,3.807,1.963,4306,107,92,,,,,,,,,0,0,0,0,0,0,0,,,,,,,,,,,,,,
Actual,2025-10,7,SC-10,Indore Vijay Nagar,Indore,Central,Fleet,67,4.499,3.021,1.478,6715,54,45,,,,,,,,,0,0,0,0,0,0,0,,,,,,,,,,,,,,
Actual,2025-11,8,SC-01,Delhi Downtown,Delhi,North,Premium,187,19.36,11.005,8.355,10353,150,139,CMP-2514,Priority Slot Weekends,Service + Car Wash Bundle,Completed,2025-11,2025-12,Priority slot included,1.35,0.924,2.934,31.52,0.913,30,2.975,1.284,,,,,,,,,,,,,,
Actual,2025-11,8,SC-01,Delhi Downtown,Delhi,North,Mid-Market,370,26.99,16.254,10.736,7295,296,264,,,,,,,,,0,0,0,0,0,0,0,,,,,,,,,,,,,,
Actual,2025-11,8,SC-01,Delhi Downtown,Delhi,North,Value,293,14.424,9.619,4.805,4923,234,204,CMP-2505,Festive Voucher Drop,₹500 Discount Voucher,Completed,2025-10,2025-11,60-day voucher expiry,1.3,0.65,2.561,58.6,0.638,48,2.256,0.752,,,,,,,,,,,,,,
Actual,2025-11,8,SC-01,Delhi Downtown,Delhi,North,Fleet,119,9.287,6.105,3.182,7804,95,80,,,,,,,,,0,0,0,0,0,0,0,,,,,,,,,,,,,,
Actual,2025-11,8,SC-02,Mumbai Andheri,Mumbai,West,Premium,202,21.64,12.2,9.44,10713,162,150,CMP-2518,Premium Wash Weeks,Free Car Wash,Completed,2025-11,2025-12,Wash offered with every periodic service,1.3,1.021,3.115,33.46,1.067,30,3.109,1.356,,,,,,,,,,,,,,
Actual,2025-11,8,SC-02,Mumbai Andheri,Mumbai,West,Mid-Market,394,29.111,17.35,11.761,7389,315,280,,,,,,,,,0,0,0,0,0,0,0,,,,,,,,,,,,,,
Actual,2025-11,8,SC-02,Mumbai Andheri,Mumbai,West,Value,255,12.889,8.344,4.545,5055,204,175,,,,,,,,,0,0,0,0,0,0,0,,,,,,,,,,,,,,
Actual,2025-11,8,SC-02,Mumbai Andheri,Mumbai,West,Fleet,125,9.958,6.493,3.465,7966,100,85,,,,,,,,,0,0,0,0,0,0,0,,,,,,,,,,,,,,
Actual,2025-11,8,SC-03,Bengaluru Whitefield,Bengaluru,South,Premium,169,17.725,10.076,7.649,10488,135,124,,,,,,,,,0,0,0,0,0,0,0,,,,,,,,,,,,,,
Actual,2025-11,8,SC-03,Bengaluru Whitefield,Bengaluru,South,Mid-Market,487,35.248,21.465,13.783,7238,390,352,CMP-2506,Diwali Free Wash,Free Car Wash,Completed,2025-10,2025-11,Wash bundled into festive service slots,1.3,1.585,5.339,82.65,1.471,74,5.145,2.012,,,,,,,,,,,,,,
Actual,2025-11,8,SC-03,Bengaluru Whitefield,Bengaluru,South,Value,265,12.935,8.493,4.442,4881,212,182,,,,,,,,,0,0,0,0,0,0,0,,,,,,,,,,,,,,
Actual,2025-11,8,SC-03,Bengaluru Whitefield,Bengaluru,South,Fleet,121,9.208,6.035,3.173,7610,97,82,,,,,,,,,0,0,0,0,0,0,0,,,,,,,,,,,,,,
Actual,2025-11,8,SC-04,Hyderabad Hitech,Hyderabad,South,Premium,132,12.96,7.377,5.583,9818,106,98,,,,,,,,,0,0,0,0,0,0,0,,,,,,,,,,,,,,
Actual,2025-11,8,SC-04,Hyderabad Hitech,Hyderabad,South,Mid-Market,376,25.442,15.296,10.146,6766,301,271,CMP-2506,Diwali Free Wash,Free Car Wash,Completed,2025-10,2025-11,Wash bundled into festive service slots,1.3,1.246,4.195,64.94,1.258,68,4.403,1.756,,,,,,,,,,,,,,
Actual,2025-11,8,SC-04,Hyderabad Hitech,Hyderabad,South,Value,205,9.509,6.297,3.212,4639,164,140,,,,,,,,,0,0,0,0,0,0,0,,,,,,,,,,,,,,
Actual,2025-11,8,SC-04,Hyderabad Hitech,Hyderabad,South,Fleet,96,7.06,4.679,2.381,7354,77,65,,,,,,,,,0,0,0,0,0,0,0,,,,,,,,,,,,,,
Actual,2025-11,8,SC-05,Chennai OMR,Chennai,South,Premium,108,10.651,6.079,4.572,9862,86,80,,,,,,,,,0,0,0,0,0,0,0,,,,,,,,,,,,,,
Actual,2025-11,8,SC-05,Chennai OMR,Chennai,South,Mid-Market,322,22.022,13.429,8.593,6839,258,231,CMP-2506,Diwali Free Wash,Free Car Wash,Completed,2025-10,2025-11,Wash bundled into festive service slots,1.3,1.019,3.432,53.13,1.051,63,4.129,1.611,,,,,,,,,,,,,,
Actual,2025-11,8,SC-05,Chennai OMR,Chennai,South,Value,169,7.858,5.133,2.725,4650,135,117,,,,,,,,,0,0,0,0,0,0,0,,,,,,,,,,,,,,
Actual,2025-11,8,SC-05,Chennai OMR,Chennai,South,Fleet,82,5.923,3.897,2.026,7223,66,55,,,,,,,,,0,0,0,0,0,0,0,,,,,,,,,,,,,,
Actual,2025-11,8,SC-06,Kolkata Salt Lake,Kolkata,East,Premium,96,9.025,5.065,3.96,9401,77,71,,,,,,,,,0,0,0,0,0,0,0,,,,,,,,,,,,,,
Actual,2025-11,8,SC-06,Kolkata Salt Lake,Kolkata,East,Mid-Market,237,15.524,9.445,6.079,6550,190,170,,,,,,,,,0,0,0,0,0,0,0,,,,,,,,,,,,,,
Actual,2025-11,8,SC-06,Kolkata Salt Lake,Kolkata,East,Value,144,6.453,4.224,2.229,4481,115,99,,,,,,,,,0,0,0,0,0,0,0,,,,,,,,,,,,,,
Actual,2025-11,8,SC-06,Kolkata Salt Lake,Kolkata,East,Fleet,72,4.979,3.35,1.629,6915,58,49,,,,,,,,,0,0,0,0,0,0,0,,,,,,,,,,,,,,
Actual,2025-11,8,SC-07,Pune Hinjewadi,Pune,West,Premium,143,14.428,8.122,6.306,10090,114,106,CMP-2518,Premium Wash Weeks,Free Car Wash,Completed,2025-11,2025-12,Wash offered with every periodic service,1.3,0.729,2.225,23.9,0.699,23,2.221,0.971,,,,,,,,,,,,,,
Actual,2025-11,8,SC-07,Pune Hinjewadi,Pune,West,Mid-Market,287,20.376,12.22,8.156,7100,230,204,,,,,,,,,0,0,0,0,0,0,0,,,,,,,,,,,,,,
Actual,2025-11,8,SC-07,Pune Hinjewadi,Pune,West,Value,188,8.877,5.779,3.098,4722,150,129,,,,,,,,,0,0,0,0,0,0,0,,,,,,,,,,,,,,
Actual,2025-11,8,SC-07,Pune Hinjewadi,Pune,West,Fleet,89,6.691,4.443,2.248,7518,71,60,,,,,,,,,0,0,0,0,0,0,0,,,,,,,,,,,,,,
Actual,2025-11,8,SC-08,Jaipur Vaishali,Jaipur,North,Premium,91,8.306,4.778,3.528,9127,73,68,CMP-2514,Priority Slot Weekends,Service + Car Wash Bundle,Completed,2025-11,2025-12,Priority slot included,1.35,0.426,1.354,14.55,0.411,18,1.541,0.655,,,,,,,,,,,,,,
Actual,2025-11,8,SC-08,Jaipur Vaishali,Jaipur,North,Mid-Market,173,11.031,6.788,4.243,6376,138,124,,,,,,,,,0,0,0,0,0,0,0,,,,,,,,,,,,,,
Actual,2025-11,8,SC-08,Jaipur Vaishali,Jaipur,North,Value,133,5.666,3.798,1.868,4260,106,93,CMP-2505,Festive Voucher Drop,₹500 Discount Voucher,Completed,2025-10,2025-11,60-day voucher expiry,1.3,0.3,1.182,27.04,0.289,24,0.985,0.325,,,,,,,,,,,,,,
Actual,2025-11,8,SC-08,Jaipur Vaishali,Jaipur,North,Fleet,54,3.636,2.46,1.176,6733,43,36,,,,,,,,,0,0,0,0,0,0,0,,,,,,,,,,,,,,
Actual,2025-11,8,SC-09,Nagpur Sitabuldi,Nagpur,Central,Premium,121,10.924,6.236,4.688,9028,97,90,CMP-2507,Metro Bundle Refresh,Service + Car Wash Bundle,Completed,2025-11,2025-12,Priority slot included,1.35,0.507,1.609,17.29,0.501,21,1.839,0.789,,,,,,,,,,,,,,
Actual,2025-11,8,SC-09,Nagpur Sitabuldi,Nagpur,Central,Mid-Market,235,14.774,9.1,5.674,6287,188,168,,,,,,,,,0,0,0,0,0,0,0,,,,,,,,,,,,,,
Actual,2025-11,8,SC-09,Nagpur Sitabuldi,Nagpur,Central,Value,145,6.247,4.149,2.098,4308,116,100,,,,,,,,,0,0,0,0,0,0,0,,,,,,,,,,,,,,
Actual,2025-11,8,SC-09,Nagpur Sitabuldi,Nagpur,Central,Fleet,73,4.887,3.28,1.607,6695,58,49,,,,,,,,,0,0,0,0,0,0,0,,,,,,,,,,,,,,
Actual,2025-11,8,SC-10,Indore Vijay Nagar,Indore,Central,Premium,105,9.565,5.435,4.13,9110,84,78,CMP-2507,Metro Bundle Refresh,Service + Car Wash Bundle,Completed,2025-11,2025-12,Priority slot included,1.35,0.443,1.408,15.13,0.468,19,1.647,0.711,,,,,,,,,,,,,,
Actual,2025-11,8,SC-10,Indore Vijay Nagar,Indore,Central,Mid-Market,206,13.171,7.939,5.232,6394,165,148,,,,,,,,,0,0,0,0,0,0,0,,,,,,,,,,,,,,
Actual,2025-11,8,SC-10,Indore Vijay Nagar,Indore,Central,Value,126,5.442,3.58,1.862,4319,101,87,,,,,,,,,0,0,0,0,0,0,0,,,,,,,,,,,,,,
Actual,2025-11,8,SC-10,Indore Vijay Nagar,Indore,Central,Fleet,62,4.172,2.773,1.399,6729,50,42,,,,,,,,,0,0,0,0,0,0,0,,,,,,,,,,,,,,
Actual,2025-12,9,SC-01,Delhi Downtown,Delhi,North,Premium,200,21.094,11.892,9.202,10547,160,149,CMP-2514,Priority Slot Weekends,Service + Car Wash Bundle,Completed,2025-11,2025-12,Priority slot included,1.35,0.924,2.934,31.52,0.925,31,3.129,1.365,,,,,,,,,,,,,,
Actual,2025-12,9,SC-01,Delhi Downtown,Delhi,North,Mid-Market,396,29.222,17.463,11.759,7379,317,281,,,,,,,,,0,0,0,0,0,0,0,,,,,,,,,,,,,,
Actual,2025-12,9,SC-01,Delhi Downtown,Delhi,North,Value,263,13.06,8.542,4.518,4966,210,181,,,,,,,,,0,0,0,0,0,0,0,,,,,,,,,,,,,,
Actual,2025-12,9,SC-01,Delhi Downtown,Delhi,North,Fleet,127,9.872,6.497,3.375,7773,102,86,,,,,,,,,0,0,0,0,0,0,0,,,,,,,,,,,,,,
Actual,2025-12,9,SC-02,Mumbai Andheri,Mumbai,West,Premium,216,22.839,12.696,10.143,10574,173,162,CMP-2518,Premium Wash Weeks,Free Car Wash,Completed,2025-11,2025-12,Wash offered with every periodic service,1.3,1.021,3.115,33.46,1.016,32,3.236,1.437,,,,,,,,,,,,,,
Actual,2025-12,9,SC-02,Mumbai Andheri,Mumbai,West,Mid-Market,434,32.001,19.045,12.956,7374,347,309,,,,,,,,,0,0,0,0,0,0,0,,,,,,,,,,,,,,
Actual,2025-12,9,SC-02,Mumbai Andheri,Mumbai,West,Value,270,13.608,8.84,4.768,5040,216,186,,,,,,,,,0,0,0,0,0,0,0,,,,,,,,,,,,,,
Actual,2025-12,9,SC-02,Mumbai Andheri,Mumbai,West,Fleet,134,10.56,6.941,3.619,7881,107,90,,,,,,,,,0,0,0,0,0,0,0,,,,,,,,,,,,,,
Actual,2025-12,9,SC-03,Bengaluru Whitefield,Bengaluru,South,Premium,218,22.545,12.581,9.964,10342,174,161,CMP-2508,Winter Wash Bundle,Service + Car Wash Bundle,Completed,2025-12,2026-01,Priority slot included,1.4,1.029,3.391,36.42,0.932,35,3.436,1.519,,,,,,,,,,,,,,
Actual,2025-12,9,SC-03,Bengaluru Whitefield,Bengaluru,South,Mid-Market,429,31.139,18.816,12.323,7259,343,306,,,,,,,,,0,0,0,0,0,0,0,,,,,,,,,,,,,,
Actual,2025-12,9,SC-03,Bengaluru Whitefield,Bengaluru,South,Value,279,13.671,9,4.671,4900,223,194,,,,,,,,,0,0,0,0,0,0,0,,,,,,,,,,,,,,
Actual,2025-12,9,SC-03,Bengaluru Whitefield,Bengaluru,South,Fleet,135,10.388,6.882,3.506,7695,108,91,,,,,,,,,0,0,0,0,0,0,0,,,,,,,,,,,,,,
Actual,2025-12,9,SC-04,Hyderabad Hitech,Hyderabad,South,Premium,172,17.035,9.643,7.392,9904,138,128,CMP-2508,Winter Wash Bundle,Service + Car Wash Bundle,Completed,2025-12,2026-01,Priority slot included,1.4,0.809,2.664,28.62,0.792,31,2.965,1.287,,,,,,,,,,,,,,
Actual,2025-12,9,SC-04,Hyderabad Hitech,Hyderabad,South,Mid-Market,330,22.797,13.608,9.189,6908,264,236,,,,,,,,,0,0,0,0,0,0,0,,,,,,,,,,,,,,
Actual,2025-12,9,SC-04,Hyderabad Hitech,Hyderabad,South,Value,219,10.313,6.704,3.609,4709,175,151,,,,,,,,,0,0,0,0,0,0,0,,,,,,,,,,,,,,
Actual,2025-12,9,SC-04,Hyderabad Hitech,Hyderabad,South,Fleet,104,7.555,5.006,2.549,7264,83,70,,,,,,,,,0,0,0,0,0,0,0,,,,,,,,,,,,,,
Actual,2025-12,9,SC-05,Chennai OMR,Chennai,South,Premium,141,13.82,7.957,5.863,9801,113,104,CMP-2508,Winter Wash Bundle,Service + Car Wash Bundle,Completed,2025-12,2026-01,Priority slot included,1.4,0.662,2.18,23.41,0.618,23,2.176,0.923,,,,,,,,,,,,,,
Actual,2025-12,9,SC-05,Chennai OMR,Chennai,South,Mid-Market,268,18.534,11.259,7.275,6916,214,192,,,,,,,,,0,0,0,0,0,0,0,,,,,,,,,,,,,,
Actual,2025-12,9,SC-05,Chennai OMR,Chennai,South,Value,181,8.376,5.429,2.947,4628,145,126,,,,,,,,,0,0,0,0,0,0,0,,,,,,,,,,,,,,
Actual,2025-12,9,SC-05,Chennai OMR,Chennai,South,Fleet,85,6.215,4.169,2.046,7312,68,57,,,,,,,,,0,0,0,0,0,0,0,,,,,,,,,,,,,,
Actual,2025-12,9,SC-06,Kolkata Salt Lake,Kolkata,East,Premium,105,9.921,5.604,4.317,9449,84,78,,,,,,,,,0,0,0,0,0,0,0,,,,,,,,,,,,,,
Actual,2025-12,9,SC-06,Kolkata Salt Lake,Kolkata,East,Mid-Market,250,16.259,9.808,6.451,6504,200,179,,,,,,,,,0,0,0,0,0,0,0,,,,,,,,,,,,,,
Actual,2025-12,9,SC-06,Kolkata Salt Lake,Kolkata,East,Value,201,8.863,5.887,2.976,4409,161,140,CMP-2509,Year-End Voucher,₹500 Discount Voucher,Completed,2025-12,2026-01,90-day voucher expiry,1.25,0.5,1.894,43.34,0.457,39,1.634,0.549,,,,,,,,,,,,,,
Actual,2025-12,9,SC-06,Kolkata Salt Lake,Kolkata,East,Fleet,75,5.207,3.491,1.716,6943,60,51,,,,,,,,,0,0,0,0,0,0,0,,,,,,,,,,,,,,
Actual,2025-12,9,SC-07,Pune Hinjewadi,Pune,West,Premium,157,15.866,9.081,6.785,10106,126,117,CMP-2518,Premium Wash Weeks,Free Car Wash,Completed,2025-11,2025-12,Wash offered with every periodic service,1.3,0.729,2.225,23.9,0.699,23,2.26,0.967,,,,,,,,,,,,,,
Actual,2025-12,9,SC-07,Pune Hinjewadi,Pune,West,Mid-Market,298,20.854,12.454,8.4,6998,238,214,,,,,,,,,0,0,0,0,0,0,0,,,,,,,,,,,,,,
Actual,2025-12,9,SC-07,Pune Hinjewadi,Pune,West,Value,195,9.274,6.072,3.202,4756,156,134,,,,,,,,,0,0,0,0,0,0,0,,,,,,,,,,,,,,
Actual,2025-12,9,SC-07,Pune Hinjewadi,Pune,West,Fleet,98,7.268,4.783,2.485,7416,78,66,,,,,,,,,0,0,0,0,0,0,0,,,,,,,,,,,,,,
Actual,2025-12,9,SC-08,Jaipur Vaishali,Jaipur,North,Premium,94,8.573,4.87,3.703,9120,75,69,CMP-2514,Priority Slot Weekends,Service + Car Wash Bundle,Completed,2025-11,2025-12,Priority slot included,1.35,0.426,1.354,14.55,0.399,16,1.404,0.606,,,,,,,,,,,,,,
Actual,2025-12,9,SC-08,Jaipur Vaishali,Jaipur,North,Mid-Market,179,11.453,7.045,4.408,6398,143,128,,,,,,,,,0,0,0,0,0,0,0,,,,,,,,,,,,,,
Actual,2025-12,9,SC-08,Jaipur Vaishali,Jaipur,North,Value,120,5.209,3.461,1.748,4341,96,83,,,,,,,,,0,0,0,0,0,0,0,,,,,,,,,,,,,,
Actual,2025-12,9,SC-08,Jaipur Vaishali,Jaipur,North,Fleet,58,3.979,2.631,1.348,6860,46,39,,,,,,,,,0,0,0,0,0,0,0,,,,,,,,,,,,,,
Actual,2025-12,9,SC-09,Nagpur Sitabuldi,Nagpur,Central,Premium,124,11.366,6.538,4.828,9166,99,93,CMP-2507,Metro Bundle Refresh,Service + Car Wash Bundle,Completed,2025-11,2025-12,Priority slot included,1.35,0.507,1.609,17.29,0.486,20,1.725,0.733,,,,,,,,,,,,,,
Actual,2025-12,9,SC-09,Nagpur Sitabuldi,Nagpur,Central,Mid-Market,242,15.299,9.234,6.065,6322,194,174,,,,,,,,,0,0,0,0,0,0,0,,,,,,,,,,,,,,
Actual,2025-12,9,SC-09,Nagpur Sitabuldi,Nagpur,Central,Value,159,6.834,4.456,2.378,4298,127,109,,,,,,,,,0,0,0,0,0,0,0,,,,,,,,,,,,,,
Actual,2025-12,9,SC-09,Nagpur Sitabuldi,Nagpur,Central,Fleet,76,5.095,3.443,1.652,6704,61,51,,,,,,,,,0,0,0,0,0,0,0,,,,,,,,,,,,,,
Actual,2025-12,9,SC-10,Indore Vijay Nagar,Indore,Central,Premium,111,10.033,5.816,4.217,9039,89,83,CMP-2507,Metro Bundle Refresh,Service + Car Wash Bundle,Completed,2025-11,2025-12,Priority slot included,1.35,0.443,1.408,15.13,0.428,19,1.619,0.68,,,,,,,,,,,,,,
Actual,2025-12,9,SC-10,Indore Vijay Nagar,Indore,Central,Mid-Market,213,13.697,8.26,5.437,6431,170,152,,,,,,,,,0,0,0,0,0,0,0,,,,,,,,,,,,,,
Actual,2025-12,9,SC-10,Indore Vijay Nagar,Indore,Central,Value,138,5.987,3.949,2.038,4338,110,95,,,,,,,,,0,0,0,0,0,0,0,,,,,,,,,,,,,,
Actual,2025-12,9,SC-10,Indore Vijay Nagar,Indore,Central,Fleet,67,4.474,2.969,1.505,6678,54,46,,,,,,,,,0,0,0,0,0,0,0,,,,,,,,,,,,,,
Actual,2026-01,10,SC-01,Delhi Downtown,Delhi,North,Premium,208,21.993,12.502,9.491,10574,166,154,CMP-2510,Republic Day Service Offer,10% Service Discount,Completed,2026-01,2026-02,Flat 10% off periodic maintenance,1.3,0.958,2.979,32,0.947,30,3.017,1.302,,,,,,,,,,,,,,
Actual,2026-01,10,SC-01,Delhi Downtown,Delhi,North,Mid-Market,401,29.179,17.625,11.554,7277,321,286,,,,,,,,,0,0,0,0,0,0,0,,,,,,,,,,,,,,
Actual,2026-01,10,SC-01,Delhi Downtown,Delhi,North,Value,265,13.148,8.437,4.711,4962,212,182,,,,,,,,,0,0,0,0,0,0,0,,,,,,,,,,,,,,
Actual,2026-01,10,SC-01,Delhi Downtown,Delhi,North,Fleet,128,9.894,6.59,3.304,7730,102,86,,,,,,,,,0,0,0,0,0,0,0,,,,,,,,,,,,,,
Actual,2026-01,10,SC-02,Mumbai Andheri,Mumbai,West,Premium,183,19.937,11.009,8.928,10895,146,135,,,,,,,,,0,0,0,0,0,0,0,,,,,,,,,,,,,,
Actual,2026-01,10,SC-02,Mumbai Andheri,Mumbai,West,Mid-Market,440,32.682,19.296,13.386,7428,352,313,,,,,,,,,0,0,0,0,0,0,0,,,,,,,,,,,,,,
Actual,2026-01,10,SC-02,Mumbai Andheri,Mumbai,West,Value,284,14.5,9.437,5.063,5106,227,195,,,,,,,,,0,0,0,0,0,0,0,,,,,,,,,,,,,,
Actual,2026-01,10,SC-02,Mumbai Andheri,Mumbai,West,Fleet,138,10.975,7.234,3.741,7953,110,93,,,,,,,,,0,0,0,0,0,0,0,,,,,,,,,,,,,,
Actual,2026-01,10,SC-03,Bengaluru Whitefield,Bengaluru,South,Premium,223,23.124,13.164,9.96,10370,178,166,CMP-2508,Winter Wash Bundle,Service + Car Wash Bundle,Completed,2025-12,2026-01,Priority slot included,1.4,1.029,3.391,36.42,0.976,35,3.475,1.497,,,,,,,,,,,,,,
Actual,2026-01,10,SC-03,Bengaluru Whitefield,Bengaluru,South,Mid-Market,447,32.477,19.68,12.797,7266,358,319,,,,,,,,,0,0,0,0,0,0,0,,,,,,,,,,,,,,
Actual,2026-01,10,SC-03,Bengaluru Whitefield,Bengaluru,South,Value,275,13.433,8.693,4.74,4885,220,189,,,,,,,,,0,0,0,0,0,0,0,,,,,,,,,,,,,,
Actual,2026-01,10,SC-03,Bengaluru Whitefield,Bengaluru,South,Fleet,133,10.314,6.813,3.501,7755,106,89,,,,,,,,,0,0,0,0,0,0,0,,,,,,,,,,,,,,
Actual,2026-01,10,SC-04,Hyderabad Hitech,Hyderabad,South,Premium,182,17.926,10.12,7.806,9849,146,136,CMP-2508,Winter Wash Bundle,Service + Car Wash Bundle,Completed,2025-12,2026-01,Priority slot included,1.4,0.809,2.664,28.62,0.765,30,2.806,1.222,,,,,,,,,,,,,,
Actual,2026-01,10,SC-04,Hyderabad Hitech,Hyderabad,South,Mid-Market,341,23.664,14.141,9.523,6940,273,243,,,,,,,,,0,0,0,0,0,0,0,,,,,,,,,,,,,,
Actual,2026-01,10,SC-04,Hyderabad Hitech,Hyderabad,South,Value,216,10.024,6.573,3.451,4641,173,150,,,,,,,,,0,0,0,0,0,0,0,,,,,,,,,,,,,,
Actual,2026-01,10,SC-04,Hyderabad Hitech,Hyderabad,South,Fleet,105,7.619,5.023,2.596,7256,84,71,,,,,,,,,0,0,0,0,0,0,0,,,,,,,,,,,,,,
Actual,2026-01,10,SC-05,Chennai OMR,Chennai,South,Premium,140,13.846,7.886,5.96,9890,112,104,CMP-2508,Winter Wash Bundle,Service + Car Wash Bundle,Completed,2025-12,2026-01,Priority slot included,1.4,0.662,2.18,23.41,0.624,23,2.173,0.935,,,,,,,,,,,,,,
Actual,2026-01,10,SC-05,Chennai OMR,Chennai,South,Mid-Market,288,20.153,12.221,7.932,6998,230,205,,,,,,,,,0,0,0,0,0,0,0,,,,,,,,,,,,,,
Actual,2026-01,10,SC-05,Chennai OMR,Chennai,South,Value,184,8.689,5.711,2.978,4722,147,126,,,,,,,,,0,0,0,0,0,0,0,,,,,,,,,,,,,,
Actual,2026-01,10,SC-05,Chennai OMR,Chennai,South,Fleet,88,6.415,4.214,2.201,7290,70,59,,,,,,,,,0,0,0,0,0,0,0,,,,,,,,,,,,,,
Actual,2026-01,10,SC-06,Kolkata Salt Lake,Kolkata,East,Premium,110,10.459,5.843,4.616,9508,88,81,,,,,,,,,0,0,0,0,0,0,0,,,,,,,,,,,,,,
Actual,2026-01,10,SC-06,Kolkata Salt Lake,Kolkata,East,Mid-Market,244,16.117,9.773,6.344,6605,195,175,,,,,,,,,0,0,0,0,0,0,0,,,,,,,,,,,,,,
Actual,2026-01,10,SC-06,Kolkata Salt Lake,Kolkata,East,Value,200,8.898,5.992,2.906,4449,160,140,CMP-2509,Year-End Voucher,₹500 Discount Voucher,Completed,2025-12,2026-01,90-day voucher expiry,1.25,0.5,1.894,43.34,0.458,39,1.68,0.549,,,,,,,,,,,,,,
Actual,2026-01,10,SC-06,Kolkata Salt Lake,Kolkata,East,Fleet,78,5.447,3.602,1.845,6983,62,52,,,,,,,,,0,0,0,0,0,0,0,,,,,,,,,,,,,,
Actual,2026-01,10,SC-07,Pune Hinjewadi,Pune,West,Premium,132,13.428,7.604,5.824,10173,106,98,,,,,,,,,0,0,0,0,0,0,0,,,,,,,,,,,,,,
Actual,2026-01,10,SC-07,Pune Hinjewadi,Pune,West,Mid-Market,305,21.694,13.057,8.637,7113,244,218,,,,,,,,,0,0,0,0,0,0,0,,,,,,,,,,,,,,
Actual,2026-01,10,SC-07,Pune Hinjewadi,Pune,West,Value,206,9.755,6.373,3.382,4735,165,142,,,,,,,,,0,0,0,0,0,0,0,,,,,,,,,,,,,,
Actual,2026-01,10,SC-07,Pune Hinjewadi,Pune,West,Fleet,99,7.402,4.877,2.525,7477,79,66,,,,,,,,,0,0,0,0,0,0,0,,,,,,,,,,,,,,
Actual,2026-01,10,SC-08,Jaipur Vaishali,Jaipur,North,Premium,94,8.687,5.051,3.636,9241,75,70,CMP-2510,Republic Day Service Offer,10% Service Discount,Completed,2026-01,2026-02,Flat 10% off periodic maintenance,1.3,0.442,1.375,14.77,0.434,15,1.345,0.563,,,,,,,,,,,,,,
Actual,2026-01,10,SC-08,Jaipur Vaishali,Jaipur,North,Mid-Market,183,11.644,7.068,4.576,6363,146,130,,,,,,,,,0,0,0,0,0,0,0,,,,,,,,,,,,,,
Actual,2026-01,10,SC-08,Jaipur Vaishali,Jaipur,North,Value,122,5.276,3.477,1.799,4325,98,84,,,,,,,,,0,0,0,0,0,0,0,,,,,,,,,,,,,,
Actual,2026-01,10,SC-08,Jaipur Vaishali,Jaipur,North,Fleet,58,3.934,2.615,1.319,6783,46,39,,,,,,,,,0,0,0,0,0,0,0,,,,,,,,,,,,,,
Actual,2026-01,10,SC-09,Nagpur Sitabuldi,Nagpur,Central,Premium,107,9.801,5.542,4.259,9160,86,79,,,,,,,,,0,0,0,0,0,0,0,,,,,,,,,,,,,,
Actual,2026-01,10,SC-09,Nagpur Sitabuldi,Nagpur,Central,Mid-Market,308,19.356,11.838,7.518,6284,246,222,CMP-2519,Central Bundle Drive,Service + Car Wash Bundle,Completed,2026-01,2026-02,Service + wash bundle at a fixed price,1.4,0.853,3.103,48.03,0.821,57,3.443,1.337,,,,,,,,,,,,,,
Actual,2026-01,10,SC-09,Nagpur Sitabuldi,Nagpur,Central,Value,165,7.121,4.644,2.477,4316,132,113,,,,,,,,,0,0,0,0,0,0,0,,,,,,,,,,,,,,
Actual,2026-01,10,SC-09,Nagpur Sitabuldi,Nagpur,Central,Fleet,88,5.872,3.929,1.943,6673,70,59,CMP-2511,Engine Health Check,Free Engine Check,Completed,2026-01,2026-03,Free check with no repair credit,1.2,0.267,0.979,14.31,0.25,11,0.683,0.226,,,,,,,,,,,,,,
Actual,2026-01,10,SC-10,Indore Vijay Nagar,Indore,Central,Premium,96,8.746,4.909,3.837,9110,77,71,,,,,,,,,0,0,0,0,0,0,0,,,,,,,,,,,,,,
Actual,2026-01,10,SC-10,Indore Vijay Nagar,Indore,Central,Mid-Market,259,16.538,10.155,6.383,6385,207,188,CMP-2519,Central Bundle Drive,Service + Car Wash Bundle,Completed,2026-01,2026-02,Service + wash bundle at a fixed price,1.4,0.747,2.715,42.03,0.702,43,2.642,1.02,,,,,,,,,,,,,,
Actual,2026-01,10,SC-10,Indore Vijay Nagar,Indore,Central,Value,141,6.068,3.979,2.089,4304,113,97,,,,,,,,,0,0,0,0,0,0,0,,,,,,,,,,,,,,
Actual,2026-01,10,SC-10,Indore Vijay Nagar,Indore,Central,Fleet,76,5.1,3.419,1.681,6711,61,52,CMP-2511,Engine Health Check,Free Engine Check,Completed,2026-01,2026-03,Free check with no repair credit,1.2,0.233,0.856,12.52,0.229,9,0.596,0.196,,,,,,,,,,,,,,
Actual,2026-02,11,SC-01,Delhi Downtown,Delhi,North,Premium,190,20.015,11.54,8.475,10534,152,142,CMP-2510,Republic Day Service Offer,10% Service Discount,Completed,2026-01,2026-02,Flat 10% off periodic maintenance,1.3,0.958,2.979,32,0.937,29,2.946,1.247,,,,,,,,,,,,,,
Actual,2026-02,11,SC-01,Delhi Downtown,Delhi,North,Mid-Market,369,26.954,16.145,10.809,7305,295,263,,,,,,,,,0,0,0,0,0,0,0,,,,,,,,,,,,,,
Actual,2026-02,11,SC-01,Delhi Downtown,Delhi,North,Value,251,12.478,8.084,4.394,4971,201,174,,,,,,,,,0,0,0,0,0,0,0,,,,,,,,,,,,,,
Actual,2026-02,11,SC-01,Delhi Downtown,Delhi,North,Fleet,119,9.176,5.997,3.179,7711,95,80,,,,,,,,,0,0,0,0,0,0,0,,,,,,,,,,,,,,
Actual,2026-02,11,SC-02,Mumbai Andheri,Mumbai,West,Premium,175,18.699,10.541,8.158,10685,140,130,,,,,,,,,0,0,0,0,0,0,0,,,,,,,,,,,,,,
Actual,2026-02,11,SC-02,Mumbai Andheri,Mumbai,West,Mid-Market,398,29.667,17.649,12.018,7454,318,283,,,,,,,,,0,0,0,0,0,0,0,,,,,,,,,,,,,,
Actual,2026-02,11,SC-02,Mumbai Andheri,Mumbai,West,Value,267,13.599,8.847,4.752,5093,214,185,,,,,,,,,0,0,0,0,0,0,0,,,,,,,,,,,,,,
Actual,2026-02,11,SC-02,Mumbai Andheri,Mumbai,West,Fleet,123,9.771,6.493,3.278,7944,98,83,,,,,,,,,0,0,0,0,0,0,0,,,,,,,,,,,,,,
Actual,2026-02,11,SC-03,Bengaluru Whitefield,Bengaluru,South,Premium,171,17.941,10.084,7.857,10492,137,126,,,,,,,,,0,0,0,0,0,0,0,,,,,,,,,,,,,,
Actual,2026-02,11,SC-03,Bengaluru Whitefield,Bengaluru,South,Mid-Market,413,29.965,17.839,12.126,7255,330,295,,,,,,,,,0,0,0,0,0,0,0,,,,,,,,,,,,,,
Actual,2026-02,11,SC-03,Bengaluru Whitefield,Bengaluru,South,Value,256,12.732,8.204,4.528,4973,205,178,,,,,,,,,0,0,0,0,0,0,0,,,,,,,,,,,,,,
Actual,2026-02,11,SC-03,Bengaluru Whitefield,Bengaluru,South,Fleet,129,9.876,6.565,3.311,7656,103,87,,,,,,,,,0,0,0,0,0,0,0,,,,,,,,,,,,,,
Actual,2026-02,11,SC-04,Hyderabad Hitech,Hyderabad,South,Premium,137,13.556,7.623,5.933,9895,110,101,,,,,,,,,0,0,0,0,0,0,0,,,,,,,,,,,,,,
Actual,2026-02,11,SC-04,Hyderabad Hitech,Hyderabad,South,Mid-Market,329,22.962,13.646,9.316,6979,263,235,,,,,,,,,0,0,0,0,0,0,0,,,,,,,,,,,,,,
Actual,2026-02,11,SC-04,Hyderabad Hitech,Hyderabad,South,Value,206,9.586,6.321,3.265,4653,165,143,,,,,,,,,0,0,0,0,0,0,0,,,,,,,,,,,,,,
Actual,2026-02,11,SC-04,Hyderabad Hitech,Hyderabad,South,Fleet,99,7.301,4.856,2.445,7375,79,66,,,,,,,,,0,0,0,0,0,0,0,,,,,,,,,,,,,,
Actual,2026-02,11,SC-05,Chennai OMR,Chennai,South,Premium,110,10.925,6.148,4.777,9932,88,81,,,,,,,,,0,0,0,0,0,0,0,,,,,,,,,,,,,,
Actual,2026-02,11,SC-05,Chennai OMR,Chennai,South,Mid-Market,257,17.969,10.861,7.108,6992,206,183,,,,,,,,,0,0,0,0,0,0,0,,,,,,,,,,,,,,
Actual,2026-02,11,SC-05,Chennai OMR,Chennai,South,Value,173,8.128,5.311,2.817,4698,138,120,,,,,,,,,0,0,0,0,0,0,0,,,,,,,,,,,,,,
Actual,2026-02,11,SC-05,Chennai OMR,Chennai,South,Fleet,79,5.809,3.805,2.004,7353,63,53,,,,,,,,,0,0,0,0,0,0,0,,,,,,,,,,,,,,
Actual,2026-02,11,SC-06,Kolkata Salt Lake,Kolkata,East,Premium,100,9.515,5.387,4.128,9515,80,74,,,,,,,,,0,0,0,0,0,0,0,,,,,,,,,,,,,,
Actual,2026-02,11,SC-06,Kolkata Salt Lake,Kolkata,East,Mid-Market,228,15.099,9.151,5.948,6622,182,163,,,,,,,,,0,0,0,0,0,0,0,,,,,,,,,,,,,,
Actual,2026-02,11,SC-06,Kolkata Salt Lake,Kolkata,East,Value,146,6.533,4.263,2.27,4475,117,100,,,,,,,,,0,0,0,0,0,0,0,,,,,,,,,,,,,,
Actual,2026-02,11,SC-06,Kolkata Salt Lake,Kolkata,East,Fleet,71,4.934,3.309,1.625,6949,57,48,,,,,,,,,0,0,0,0,0,0,0,,,,,,,,,,,,,,
Actual,2026-02,11,SC-07,Pune Hinjewadi,Pune,West,Premium,127,12.878,7.223,5.655,10140,102,94,,,,,,,,,0,0,0,0,0,0,0,,,,,,,,,,,,,,
Actual,2026-02,11,SC-07,Pune Hinjewadi,Pune,West,Mid-Market,293,20.504,12.482,8.022,6998,234,209,,,,,,,,,0,0,0,0,0,0,0,,,,,,,,,,,,,,
Actual,2026-02,11,SC-07,Pune Hinjewadi,Pune,West,Value,186,8.846,5.811,3.035,4756,149,128,,,,,,,,,0,0,0,0,0,0,0,,,,,,,,,,,,,,
Actual,2026-02,11,SC-07,Pune Hinjewadi,Pune,West,Fleet,89,6.689,4.386,2.303,7516,71,60,,,,,,,,,0,0,0,0,0,0,0,,,,,,,,,,,,,,
Actual,2026-02,11,SC-08,Jaipur Vaishali,Jaipur,North,Premium,91,8.306,4.764,3.542,9127,73,68,CMP-2510,Republic Day Service Offer,10% Service Discount,Completed,2026-01,2026-02,Flat 10% off periodic maintenance,1.3,0.442,1.375,14.77,0.433,16,1.41,0.601,,,,,,,,,,,,,,
Actual,2026-02,11,SC-08,Jaipur Vaishali,Jaipur,North,Mid-Market,178,11.53,7.053,4.477,6478,142,127,,,,,,,,,0,0,0,0,0,0,0,,,,,,,,,,,,,,
Actual,2026-02,11,SC-08,Jaipur Vaishali,Jaipur,North,Value,115,5.067,3.327,1.74,4406,92,79,,,,,,,,,0,0,0,0,0,0,0,,,,,,,,,,,,,,
Actual,2026-02,11,SC-08,Jaipur Vaishali,Jaipur,North,Fleet,54,3.683,2.44,1.243,6820,43,36,,,,,,,,,0,0,0,0,0,0,0,,,,,,,,,,,,,,
Actual,2026-02,11,SC-09,Nagpur Sitabuldi,Nagpur,Central,Premium,103,9.47,5.299,4.171,9194,82,75,,,,,,,,,0,0,0,0,0,0,0,,,,,,,,,,,,,,
Actual,2026-02,11,SC-09,Nagpur Sitabuldi,Nagpur,Central,Mid-Market,295,18.789,11.472,7.317,6369,236,212,CMP-2519,Central Bundle Drive,Service + Car Wash Bundle,Completed,2026-01,2026-02,Service + wash bundle at a fixed price,1.4,0.853,3.103,48.03,0.818,57,3.47,1.351,,,,,,,,,,,,,,
Actual,2026-02,11,SC-09,Nagpur Sitabuldi,Nagpur,Central,Value,151,6.512,4.316,2.196,4313,121,105,,,,,,,,,0,0,0,0,0,0,0,,,,,,,,,,,,,,
Actual,2026-02,11,SC-09,Nagpur Sitabuldi,Nagpur,Central,Fleet,83,5.497,3.672,1.825,6623,66,56,CMP-2511,Engine Health Check,Free Engine Check,Completed,2026-01,2026-03,Free check with no repair credit,1.2,0.267,0.979,14.31,0.243,11,0.69,0.229,,,,,,,,,,,,,,
Actual,2026-02,11,SC-10,Indore Vijay Nagar,Indore,Central,Premium,89,8.201,4.595,3.606,9215,71,65,,,,,,,,,0,0,0,0,0,0,0,,,,,,,,,,,,,,
Actual,2026-02,11,SC-10,Indore Vijay Nagar,Indore,Central,Mid-Market,251,15.863,9.73,6.133,6320,201,182,CMP-2519,Central Bundle Drive,Service + Car Wash Bundle,Completed,2026-01,2026-02,Service + wash bundle at a fixed price,1.4,0.747,2.715,42.03,0.694,44,2.656,1.027,,,,,,,,,,,,,,
Actual,2026-02,11,SC-10,Indore Vijay Nagar,Indore,Central,Value,134,5.729,3.791,1.938,4275,107,93,,,,,,,,,0,0,0,0,0,0,0,,,,,,,,,,,,,,
Actual,2026-02,11,SC-10,Indore Vijay Nagar,Indore,Central,Fleet,73,4.846,3.242,1.604,6638,58,49,CMP-2511,Engine Health Check,Free Engine Check,Completed,2026-01,2026-03,Free check with no repair credit,1.2,0.233,0.856,12.52,0.235,10,0.627,0.207,,,,,,,,,,,,,,
Actual,2026-03,12,SC-01,Delhi Downtown,Delhi,North,Premium,159,16.808,9.491,7.317,10571,127,117,,,,,,,,,0,0,0,0,0,0,0,,,,,,,,,,,,,,
Actual,2026-03,12,SC-01,Delhi Downtown,Delhi,North,Mid-Market,355,25.962,15.502,10.46,7313,284,253,,,,,,,,,0,0,0,0,0,0,0,,,,,,,,,,,,,,
Actual,2026-03,12,SC-01,Delhi Downtown,Delhi,North,Value,213,10.731,6.888,3.843,5038,170,147,,,,,,,,,0,0,0,0,0,0,0,,,,,,,,,,,,,,
Actual,2026-03,12,SC-01,Delhi Downtown,Delhi,North,Fleet,111,8.621,5.635,2.986,7767,89,75,,,,,,,,,0,0,0,0,0,0,0,,,,,,,,,,,,,,
Actual,2026-03,12,SC-02,Mumbai Andheri,Mumbai,West,Premium,170,18.455,10.227,8.228,10856,136,125,,,,,,,,,0,0,0,0,0,0,0,,,,,,,,,,,,,,
Actual,2026-03,12,SC-02,Mumbai Andheri,Mumbai,West,Mid-Market,473,35.548,21.634,13.914,7515,378,342,CMP-2521,Spring Bundle Push,Service + Car Wash Bundle,Active,2026-03,2026-05,Service + wash bundle at a fixed price,1.4,1.633,5.939,91.94,1.597,78,5.598,2.191,,,,,,,,,,,,,,
Actual,2026-03,12,SC-02,Mumbai Andheri,Mumbai,West,Value,297,15.045,9.968,5.077,5066,238,209,CMP-2513,Highway Care Drive,₹500 Discount Voucher,Active,2026-03,2026-05,90-day voucher expiry,1.25,0.719,2.725,62.36,0.683,50,2.41,0.813,,,,,,,,,,,,,,
Actual,2026-03,12,SC-02,Mumbai Andheri,Mumbai,West,Fleet,122,9.612,6.303,3.309,7879,98,83,,,,,,,,,0,0,0,0,0,0,0,,,,,,,,,,,,,,
Actual,2026-03,12,SC-03,Bengaluru Whitefield,Bengaluru,South,Premium,171,16.706,9.278,7.428,9770,137,127,,,,,,,,,0,0,0,0,0,0,0,,,,,,,,,,,,,,
Actual,2026-03,12,SC-03,Bengaluru Whitefield,Bengaluru,South,Mid-Market,399,29.035,17.558,11.477,7277,319,285,,,,,,,,,0,0,0,0,0,0,0,,,,,,,,,,,,,,
Actual,2026-03,12,SC-03,Bengaluru Whitefield,Bengaluru,South,Value,249,12.232,7.937,4.295,4912,199,172,,,,,,,,,0,0,0,0,0,0,0,,,,,,,,,,,,,,
Actual,2026-03,12,SC-03,Bengaluru Whitefield,Bengaluru,South,Fleet,124,9.661,6.351,3.31,7791,99,84,,,,,,,,,0,0,0,0,0,0,0,,,,,,,,,,,,,,
Actual,2026-03,12,SC-04,Hyderabad Hitech,Hyderabad,South,Premium,130,12.16,6.822,5.338,9354,104,96,,,,,,,,,0,0,0,0,0,0,0,,,,,,,,,,,,,,
Actual,2026-03,12,SC-04,Hyderabad Hitech,Hyderabad,South,Mid-Market,304,21.222,12.903,8.319,6981,243,218,,,,,,,,,0,0,0,0,0,0,0,,,,,,,,,,,,,,
Actual,2026-03,12,SC-04,Hyderabad Hitech,Hyderabad,South,Value,196,9.163,5.956,3.207,4675,157,135,,,,,,,,,0,0,0,0,0,0,0,,,,,,,,,,,,,,
Actual,2026-03,12,SC-04,Hyderabad Hitech,Hyderabad,South,Fleet,94,6.916,4.582,2.334,7357,75,63,,,,,,,,,0,0,0,0,0,0,0,,,,,,,,,,,,,,
Actual,2026-03,12,SC-05,Chennai OMR,Chennai,South,Premium,110,10.133,5.712,4.421,9212,88,82,,,,,,,,,0,0,0,0,0,0,0,,,,,,,,,,,,,,
Actual,2026-03,12,SC-05,Chennai OMR,Chennai,South,Mid-Market,247,17.049,10.18,6.869,6902,198,176,,,,,,,,,0,0,0,0,0,0,0,,,,,,,,,,,,,,
Actual,2026-03,12,SC-05,Chennai OMR,Chennai,South,Value,158,7.493,4.844,2.649,4742,126,109,,,,,,,,,0,0,0,0,0,0,0,,,,,,,,,,,,,,
Actual,2026-03,12,SC-05,Chennai OMR,Chennai,South,Fleet,79,5.781,3.858,1.923,7318,63,53,,,,,,,,,0,0,0,0,0,0,0,,,,,,,,,,,,,,
Actual,2026-03,12,SC-06,Kolkata Salt Lake,Kolkata,East,Premium,99,9.384,5.268,4.116,9479,79,73,,,,,,,,,0,0,0,0,0,0,0,,,,,,,,,,,,,,
Actual,2026-03,12,SC-06,Kolkata Salt Lake,Kolkata,East,Mid-Market,256,16.98,10.292,6.688,6633,205,186,CMP-2512,Spring Refresh Promo,Free Car Wash,Active,2026-03,2026-04,Wash offered with every periodic service,1.35,0.8,2.798,43.31,0.761,37,2.361,0.93,,,,,,,,,,,,,,
Actual,2026-03,12,SC-06,Kolkata Salt Lake,Kolkata,East,Value,148,6.605,4.343,2.262,4463,118,102,,,,,,,,,0,0,0,0,0,0,0,,,,,,,,,,,,,,
Actual,2026-03,12,SC-06,Kolkata Salt Lake,Kolkata,East,Fleet,69,4.819,3.188,1.631,6984,55,46,,,,,,,,,0,0,0,0,0,0,0,,,,,,,,,,,,,,
Actual,2026-03,12,SC-07,Pune Hinjewadi,Pune,West,Premium,120,12.201,6.872,5.329,10168,96,89,,,,,,,,,0,0,0,0,0,0,0,,,,,,,,,,,,,,
Actual,2026-03,12,SC-07,Pune Hinjewadi,Pune,West,Mid-Market,345,23.996,14.545,9.451,6955,276,250,CMP-2521,Spring Bundle Push,Service + Car Wash Bundle,Active,2026-03,2026-05,Service + wash bundle at a fixed price,1.4,1.167,4.242,65.67,1.219,70,4.673,1.84,,,,,,,,,,,,,,
Actual,2026-03,12,SC-07,Pune Hinjewadi,Pune,West,Value,220,10.513,6.947,3.566,4779,176,153,CMP-2513,Highway Care Drive,₹500 Discount Voucher,Active,2026-03,2026-05,90-day voucher expiry,1.25,0.514,1.947,44.54,0.507,37,1.705,0.578,,,,,,,,,,,,,,
Actual,2026-03,12,SC-07,Pune Hinjewadi,Pune,West,Fleet,87,6.49,4.329,2.161,7460,70,59,,,,,,,,,0,0,0,0,0,0,0,,,,,,,,,,,,,,
Actual,2026-03,12,SC-08,Jaipur Vaishali,Jaipur,North,Premium,73,6.73,3.757,2.973,9219,58,53,,,,,,,,,0,0,0,0,0,0,0,,,,,,,,,,,,,,
Actual,2026-03,12,SC-08,Jaipur Vaishali,Jaipur,North,Mid-Market,165,10.654,6.391,4.263,6457,132,117,,,,,,,,,0,0,0,0,0,0,0,,,,,,,,,,,,,,
Actual,2026-03,12,SC-08,Jaipur Vaishali,Jaipur,North,Value,103,4.548,3.008,1.54,4416,82,71,,,,,,,,,0,0,0,0,0,0,0,,,,,,,,,,,,,,
Actual,2026-03,12,SC-08,Jaipur Vaishali,Jaipur,North,Fleet,52,3.554,2.376,1.178,6835,42,35,,,,,,,,,0,0,0,0,0,0,0,,,,,,,,,,,,,,
Actual,2026-03,12,SC-09,Nagpur Sitabuldi,Nagpur,Central,Premium,98,9.041,5.086,3.955,9226,78,72,,,,,,,,,0,0,0,0,0,0,0,,,,,,,,,,,,,,
Actual,2026-03,12,SC-09,Nagpur Sitabuldi,Nagpur,Central,Mid-Market,230,14.532,8.744,5.788,6318,184,165,,,,,,,,,0,0,0,0,0,0,0,,,,,,,,,,,,,,
Actual,2026-03,12,SC-09,Nagpur Sitabuldi,Nagpur,Central,Value,143,6.202,4.068,2.134,4337,114,98,,,,,,,,,0,0,0,0,0,0,0,,,,,,,,,,,,,,
Actual,2026-03,12,SC-09,Nagpur Sitabuldi,Nagpur,Central,Fleet,83,5.602,3.771,1.831,6749,66,56,CMP-2511,Engine Health Check,Free Engine Check,Completed,2026-01,2026-03,Free check with no repair credit,1.2,0.267,0.979,14.31,0.259,12,0.775,0.253,,,,,,,,,,,,,,
Actual,2026-03,12,SC-10,Indore Vijay Nagar,Indore,Central,Premium,85,7.761,4.392,3.369,9131,68,63,,,,,,,,,0,0,0,0,0,0,0,,,,,,,,,,,,,,
Actual,2026-03,12,SC-10,Indore Vijay Nagar,Indore,Central,Mid-Market,193,12.238,7.412,4.826,6341,154,138,,,,,,,,,0,0,0,0,0,0,0,,,,,,,,,,,,,,
Actual,2026-03,12,SC-10,Indore Vijay Nagar,Indore,Central,Value,124,5.308,3.454,1.854,4281,99,85,,,,,,,,,0,0,0,0,0,0,0,,,,,,,,,,,,,,
Actual,2026-03,12,SC-10,Indore Vijay Nagar,Indore,Central,Fleet,72,4.914,3.26,1.654,6825,58,49,CMP-2511,Engine Health Check,Free Engine Check,Completed,2026-01,2026-03,Free check with no repair credit,1.2,0.233,0.856,12.52,0.234,10,0.673,0.226,,,,,,,,,,,,,,
Plan,2026-04,1,SC-06,Kolkata Salt Lake,Kolkata,East,Mid-Market,0,0,0,0,0,0,0,CMP-2512,Spring Refresh Promo,Free Car Wash,Active,2026-03,2026-04,Wash offered with every periodic service,1.35,0.8,2.798,43.31,0,0,0,0,,,,,,,,,,,,,,
Plan,2026-04,1,SC-02,Mumbai Andheri,Mumbai,West,Value,0,0,0,0,0,0,0,CMP-2513,Highway Care Drive,₹500 Discount Voucher,Active,2026-03,2026-05,90-day voucher expiry,1.25,0.719,2.725,62.36,0,0,0,0,,,,,,,,,,,,,,
Plan,2026-04,1,SC-07,Pune Hinjewadi,Pune,West,Value,0,0,0,0,0,0,0,CMP-2513,Highway Care Drive,₹500 Discount Voucher,Active,2026-03,2026-05,90-day voucher expiry,1.25,0.514,1.947,44.54,0,0,0,0,,,,,,,,,,,,,,
Plan,2026-05,2,SC-02,Mumbai Andheri,Mumbai,West,Value,0,0,0,0,0,0,0,CMP-2513,Highway Care Drive,₹500 Discount Voucher,Active,2026-03,2026-05,90-day voucher expiry,1.25,0.719,2.725,62.36,0,0,0,0,,,,,,,,,,,,,,
Plan,2026-05,2,SC-07,Pune Hinjewadi,Pune,West,Value,0,0,0,0,0,0,0,CMP-2513,Highway Care Drive,₹500 Discount Voucher,Active,2026-03,2026-05,90-day voucher expiry,1.25,0.514,1.947,44.54,0,0,0,0,,,,,,,,,,,,,,
Plan,2026-04,1,SC-02,Mumbai Andheri,Mumbai,West,Mid-Market,0,0,0,0,0,0,0,CMP-2521,Spring Bundle Push,Service + Car Wash Bundle,Active,2026-03,2026-05,Service + wash bundle at a fixed price,1.4,1.633,5.939,91.94,0,0,0,0,,,,,,,,,,,,,,
Plan,2026-04,1,SC-07,Pune Hinjewadi,Pune,West,Mid-Market,0,0,0,0,0,0,0,CMP-2521,Spring Bundle Push,Service + Car Wash Bundle,Active,2026-03,2026-05,Service + wash bundle at a fixed price,1.4,1.167,4.242,65.67,0,0,0,0,,,,,,,,,,,,,,
Plan,2026-05,2,SC-02,Mumbai Andheri,Mumbai,West,Mid-Market,0,0,0,0,0,0,0,CMP-2521,Spring Bundle Push,Service + Car Wash Bundle,Active,2026-03,2026-05,Service + wash bundle at a fixed price,1.4,1.633,5.939,91.94,0,0,0,0,,,,,,,,,,,,,,
Plan,2026-05,2,SC-07,Pune Hinjewadi,Pune,West,Mid-Market,0,0,0,0,0,0,0,CMP-2521,Spring Bundle Push,Service + Car Wash Bundle,Active,2026-03,2026-05,Service + wash bundle at a fixed price,1.4,1.167,4.242,65.67,0,0,0,0,,,,,,,,,,,,,,
Plan,2026-04,1,SC-01,Delhi Downtown,Delhi,North,Fleet,0,0,0,0,0,0,0,CMP-2601,Q1 Fleet Retention,Service + Car Wash Bundle,Planned,2026-04,2026-06,Bundle with annual maintenance plan,1.5,0.479,2.211,32.32,0,0,0,0,,,,,,,,,,,,,,
Plan,2026-04,1,SC-08,Jaipur Vaishali,Jaipur,North,Fleet,0,0,0,0,0,0,0,CMP-2601,Q1 Fleet Retention,Service + Car Wash Bundle,Planned,2026-04,2026-06,Bundle with annual maintenance plan,1.5,0.221,1.02,14.92,0,0,0,0,,,,,,,,,,,,,,
Plan,2026-05,2,SC-01,Delhi Downtown,Delhi,North,Fleet,0,0,0,0,0,0,0,CMP-2601,Q1 Fleet Retention,Service + Car Wash Bundle,Planned,2026-04,2026-06,Bundle with annual maintenance plan,1.5,0.479,2.211,32.32,0,0,0,0,,,,,,,,,,,,,,
Plan,2026-05,2,SC-08,Jaipur Vaishali,Jaipur,North,Fleet,0,0,0,0,0,0,0,CMP-2601,Q1 Fleet Retention,Service + Car Wash Bundle,Planned,2026-04,2026-06,Bundle with annual maintenance plan,1.5,0.221,1.02,14.92,0,0,0,0,,,,,,,,,,,,,,
Plan,2026-06,3,SC-01,Delhi Downtown,Delhi,North,Fleet,0,0,0,0,0,0,0,CMP-2601,Q1 Fleet Retention,Service + Car Wash Bundle,Planned,2026-04,2026-06,Bundle with annual maintenance plan,1.5,0.479,2.211,32.32,0,0,0,0,,,,,,,,,,,,,,
Plan,2026-06,3,SC-08,Jaipur Vaishali,Jaipur,North,Fleet,0,0,0,0,0,0,0,CMP-2601,Q1 Fleet Retention,Service + Car Wash Bundle,Planned,2026-04,2026-06,Bundle with annual maintenance plan,1.5,0.221,1.02,14.92,0,0,0,0,,,,,,,,,,,,,,
Plan,2026-05,2,SC-03,Bengaluru Whitefield,Bengaluru,South,Premium,0,0,0,0,0,0,0,CMP-2602,EV Service Launch,10% Service Discount,Planned,2026-05,2026-06,Introductory discount for EV owners,1.3,0.968,3.009,32.32,0,0,0,0,,,,,,,,,,,,,,
Plan,2026-05,2,SC-04,Hyderabad Hitech,Hyderabad,South,Premium,0,0,0,0,0,0,0,CMP-2602,EV Service Launch,10% Service Discount,Planned,2026-05,2026-06,Introductory discount for EV owners,1.3,0.76,2.365,25.4,0,0,0,0,,,,,,,,,,,,,,
Plan,2026-05,2,SC-05,Chennai OMR,Chennai,South,Premium,0,0,0,0,0,0,0,CMP-2602,EV Service Launch,10% Service Discount,Planned,2026-05,2026-06,Introductory discount for EV owners,1.3,0.622,1.935,20.78,0,0,0,0,,,,,,,,,,,,,,
Plan,2026-06,3,SC-03,Bengaluru Whitefield,Bengaluru,South,Premium,0,0,0,0,0,0,0,CMP-2602,EV Service Launch,10% Service Discount,Planned,2026-05,2026-06,Introductory discount for EV owners,1.3,0.968,3.009,32.32,0,0,0,0,,,,,,,,,,,,,,
Plan,2026-06,3,SC-04,Hyderabad Hitech,Hyderabad,South,Premium,0,0,0,0,0,0,0,CMP-2602,EV Service Launch,10% Service Discount,Planned,2026-05,2026-06,Introductory discount for EV owners,1.3,0.76,2.365,25.4,0,0,0,0,,,,,,,,,,,,,,
Plan,2026-06,3,SC-05,Chennai OMR,Chennai,South,Premium,0,0,0,0,0,0,0,CMP-2602,EV Service Launch,10% Service Discount,Planned,2026-05,2026-06,Introductory discount for EV owners,1.3,0.622,1.935,20.78,0,0,0,0,,,,,,,,,,,,,,
Competitor,2026-01,,,,,North,,,,,,,,,,,,,,,,,,,,,,,,COMP-A,Competitor A,National multi-brand chain,Percentage service discount,10% Service Discount,15% off periodic service,16.5,1140,30,0,In-store,28,Public price list,High
Competitor,2026-01,,,,,North,,,,,,,,,,,,,,,,,,,,,,,,COMP-A,Competitor A,National multi-brand chain,Fixed-value voucher,₹500 Discount Voucher,"₹750 voucher on next service, 90-day validity",11,760,90,0,In-store,29,Public price list,High
Competitor,2026-01,,,,,North,,,,,,,,,,,,,,,,,,,,,,,,COMP-A,Competitor A,National multi-brand chain,Free inspection,Free Engine Check,Free 30-point check with ₹500 repair credit,6.8,470,30,500,In-store,30,Public price list,High
Competitor,2026-01,,,,,North,,,,,,,,,,,,,,,,,,,,,,,,COMP-A,Competitor A,National multi-brand chain,Service bundle,Service + Car Wash Bundle,Service + wash + interior clean bundle,14.7,1020,30,0,In-store,32,Public price list,High
Competitor,2026-01,,,,,South,,,,,,,,,,,,,,,,,,,,,,,,COMP-A,Competitor A,National multi-brand chain,Percentage service discount,10% Service Discount,15% off periodic service,19,1310,30,0,In-store,35,Public price list,High
Competitor,2026-01,,,,,South,,,,,,,,,,,,,,,,,,,,,,,,COMP-A,Competitor A,National multi-brand chain,Fixed-value voucher,₹500 Discount Voucher,"₹750 voucher on next service, 90-day validity",12.3,850,90,0,In-store,35,Public price list,High
Competitor,2026-01,,,,,South,,,,,,,,,,,,,,,,,,,,,,,,COMP-A,Competitor A,National multi-brand chain,Free inspection,Free Engine Check,Free 30-point check with ₹500 repair credit,7.1,490,30,500,In-store,34,Public price list,High
Competitor,2026-01,,,,,South,,,,,,,,,,,,,,,,,,,,,,,,COMP-A,Competitor A,National multi-brand chain,Service bundle,Service + Car Wash Bundle,Service + wash + interior clean bundle,17.6,1220,30,0,In-store,36,Public price list,High
Competitor,2026-01,,,,,East,,,,,,,,,,,,,,,,,,,,,,,,COMP-A,Competitor A,National multi-brand chain,Percentage service discount,10% Service Discount,15% off periodic service,10.5,730,30,0,In-store,24,Public price list,High
Competitor,2026-01,,,,,East,,,,,,,,,,,,,,,,,,,,,,,,COMP-A,Competitor A,National multi-brand chain,Fixed-value voucher,₹500 Discount Voucher,"₹750 voucher on next service, 90-day validity",9.4,650,90,0,In-store,28,Public price list,High
Competitor,2026-01,,,,,East,,,,,,,,,,,,,,,,,,,,,,,,COMP-A,Competitor A,National multi-brand chain,Free inspection,Free Engine Check,Free 30-point check with ₹500 repair credit,5.6,390,30,500,In-store,24,Public price list,High
Competitor,2026-01,,,,,East,,,,,,,,,,,,,,,,,,,,,,,,COMP-A,Competitor A,National multi-brand chain,Service bundle,Service + Car Wash Bundle,Service + wash + interior clean bundle,9.7,670,30,0,In-store,24,Public price list,High
Competitor,2026-01,,,,,West,,,,,,,,,,,,,,,,,,,,,,,,COMP-A,Competitor A,National multi-brand chain,Percentage service discount,10% Service Discount,15% off periodic service,17.7,1230,30,0,In-store,32,Public price list,High
Competitor,2026-01,,,,,West,,,,,,,,,,,,,,,,,,,,,,,,COMP-A,Competitor A,National multi-brand chain,Fixed-value voucher,₹500 Discount Voucher,"₹750 voucher on next service, 90-day validity",11.7,810,90,0,In-store,33,Public price list,High
Competitor,2026-01,,,,,West,,,,,,,,,,,,,,,,,,,,,,,,COMP-A,Competitor A,National multi-brand chain,Free inspection,Free Engine Check,Free 30-point check with ₹500 repair credit,6.7,460,30,500,In-store,32,Public price list,High
Competitor,2026-01,,,,,West,,,,,,,,,,,,,,,,,,,,,,,,COMP-A,Competitor A,National multi-brand chain,Service bundle,Service + Car Wash Bundle,Service + wash + interior clean bundle,15.3,1060,30,0,In-store,30,Public price list,High
Competitor,2026-01,,,,,Central,,,,,,,,,,,,,,,,,,,,,,,,COMP-A,Competitor A,National multi-brand chain,Percentage service discount,10% Service Discount,15% off periodic service,14.5,1000,30,0,In-store,29,Public price list,High
Competitor,2026-01,,,,,Central,,,,,,,,,,,,,,,,,,,,,,,,COMP-A,Competitor A,National multi-brand chain,Fixed-value voucher,₹500 Discount Voucher,"₹750 voucher on next service, 90-day validity",10.3,710,90,0,In-store,27,Public price list,High
Competitor,2026-01,,,,,Central,,,,,,,,,,,,,,,,,,,,,,,,COMP-A,Competitor A,National multi-brand chain,Free inspection,Free Engine Check,Free 30-point check with ₹500 repair credit,6.4,440,30,500,In-store,29,Public price list,High
Competitor,2026-01,,,,,Central,,,,,,,,,,,,,,,,,,,,,,,,COMP-A,Competitor A,National multi-brand chain,Service bundle,Service + Car Wash Bundle,Service + wash + interior clean bundle,13.5,940,30,0,In-store,29,Public price list,High
Competitor,2026-01,,,,,North,,,,,,,,,,,,,,,,,,,,,,,,COMP-B,Competitor B,OEM-authorised network,Percentage service discount,10% Service Discount,8% off for out-of-warranty cars,8.6,590,30,0,In-store,34,Mystery shopper,Medium
Competitor,2026-01,,,,,North,,,,,,,,,,,,,,,,,,,,,,,,COMP-B,Competitor B,OEM-authorised network,Free add-on,Free Car Wash,Free wash with any paid service,5.4,370,30,0,In-store,29,Mystery shopper,Medium
Competitor,2026-01,,,,,North,,,,,,,,,,,,,,,,,,,,,,,,COMP-B,Competitor B,OEM-authorised network,Free inspection,Free Engine Check,Free health check + ₹500 repair credit,7.7,530,30,500,In-store,34,Mystery shopper,Medium
Competitor,2026-01,,,,,North,,,,,,,,,,,,,,,,,,,,,,,,COMP-B,Competitor B,OEM-authorised network,Service bundle,Service + Car Wash Bundle,Annual maintenance plan,10.1,700,365,0,In-store,34,Mystery shopper,Medium
Competitor,2026-01,,,,,South,,,,,,,,,,,,,,,,,,,,,,,,COMP-B,Competitor B,OEM-authorised network,Percentage service discount,10% Service Discount,8% off for out-of-warranty cars,9.6,670,30,0,In-store,36,Mystery shopper,Medium
Competitor,2026-01,,,,,South,,,,,,,,,,,,,,,,,,,,,,,,COMP-B,Competitor B,OEM-authorised network,Free add-on,Free Car Wash,Free wash with any paid service,5.6,390,30,0,In-store,31,Mystery shopper,Medium
Competitor,2026-01,,,,,South,,,,,,,,,,,,,,,,,,,,,,,,COMP-B,Competitor B,OEM-authorised network,Free inspection,Free Engine Check,Free health check + ₹500 repair credit,8.2,570,30,500,In-store,32,Mystery shopper,Medium
Competitor,2026-01,,,,,South,,,,,,,,,,,,,,,,,,,,,,,,COMP-B,Competitor B,OEM-authorised network,Service bundle,Service + Car Wash Bundle,Annual maintenance plan,11.5,790,365,0,In-store,35,Mystery shopper,Medium
Competitor,2026-01,,,,,East,,,,,,,,,,,,,,,,,,,,,,,,COMP-B,Competitor B,OEM-authorised network,Percentage service discount,10% Service Discount,8% off for out-of-warranty cars,5.4,380,30,0,In-store,25,Mystery shopper,Medium
Competitor,2026-01,,,,,East,,,,,,,,,,,,,,,,,,,,,,,,COMP-B,Competitor B,OEM-authorised network,Free add-on,Free Car Wash,Free wash with any paid service,4.2,290,30,0,In-store,27,Mystery shopper,Medium
Competitor,2026-01,,,,,East,,,,,,,,,,,,,,,,,,,,,,,,COMP-B,Competitor B,OEM-authorised network,Free inspection,Free Engine Check,Free health check + ₹500 repair credit,6.1,420,30,500,In-store,29,Mystery shopper,Medium
Competitor,2026-01,,,,,East,,,,,,,,,,,,,,,,,,,,,,,,COMP-B,Competitor B,OEM-authorised network,Service bundle,Service + Car Wash Bundle,Annual maintenance plan,6.1,420,365,0,In-store,26,Mystery shopper,Medium
Competitor,2026-01,,,,,West,,,,,,,,,,,,,,,,,,,,,,,,COMP-B,Competitor B,OEM-authorised network,Percentage service discount,10% Service Discount,8% off for out-of-warranty cars,8.9,620,30,0,In-store,30,Mystery shopper,Medium
Competitor,2026-01,,,,,West,,,,,,,,,,,,,,,,,,,,,,,,COMP-B,Competitor B,OEM-authorised network,Free add-on,Free Car Wash,Free wash with any paid service,5.4,370,30,0,In-store,32,Mystery shopper,Medium
Competitor,2026-01,,,,,West,,,,,,,,,,,,,,,,,,,,,,,,COMP-B,Competitor B,OEM-authorised network,Free inspection,Free Engine Check,Free health check + ₹500 repair credit,7.8,540,30,500,In-store,31,Mystery shopper,Medium
Competitor,2026-01,,,,,West,,,,,,,,,,,,,,,,,,,,,,,,COMP-B,Competitor B,OEM-authorised network,Service bundle,Service + Car Wash Bundle,Annual maintenance plan,10.5,720,365,0,In-store,33,Mystery shopper,Medium
Competitor,2026-01,,,,,Central,,,,,,,,,,,,,,,,,,,,,,,,COMP-B,Competitor B,OEM-authorised network,Percentage service discount,10% Service Discount,8% off for out-of-warranty cars,7.8,540,30,0,In-store,32,Mystery shopper,Medium
Competitor,2026-01,,,,,Central,,,,,,,,,,,,,,,,,,,,,,,,COMP-B,Competitor B,OEM-authorised network,Free add-on,Free Car Wash,Free wash with any paid service,5.1,350,30,0,In-store,30,Mystery shopper,Medium
Competitor,2026-01,,,,,Central,,,,,,,,,,,,,,,,,,,,,,,,COMP-B,Competitor B,OEM-authorised network,Free inspection,Free Engine Check,Free health check + ₹500 repair credit,7.1,490,30,500,In-store,31,Mystery shopper,Medium
Competitor,2026-01,,,,,Central,,,,,,,,,,,,,,,,,,,,,,,,COMP-B,Competitor B,OEM-authorised network,Service bundle,Service + Car Wash Bundle,Annual maintenance plan,8.8,610,365,0,In-store,30,Mystery shopper,Medium
Competitor,2026-01,,,,,North,,,,,,,,,,,,,,,,,,,,,,,,COMP-C,Competitor C,App-based service aggregator,Percentage service discount,10% Service Discount,First-booking 20% off in app,20.7,1430,30,0,App,29,App listing,High
Competitor,2026-01,,,,,North,,,,,,,,,,,,,,,,,,,,,,,,COMP-C,Competitor C,App-based service aggregator,Fixed-value voucher,₹500 Discount Voucher,"₹1,000 app wallet credit, 120-day validity",15.3,1060,120,0,App,31,App listing,High
Competitor,2026-01,,,,,North,,,,,,,,,,,,,,,,,,,,,,,,COMP-C,Competitor C,App-based service aggregator,Service bundle,Service + Car Wash Bundle,Service + wash combo at app-only price,16.7,1150,30,0,App,30,App listing,High
Competitor,2026-01,,,,,South,,,,,,,,,,,,,,,,,,,,,,,,COMP-C,Competitor C,App-based service aggregator,Percentage service discount,10% Service Discount,First-booking 20% off in app,25.8,1780,30,0,App,34,App listing,High
Competitor,2026-01,,,,,South,,,,,,,,,,,,,,,,,,,,,,,,COMP-C,Competitor C,App-based service aggregator,Fixed-value voucher,₹500 Discount Voucher,"₹1,000 app wallet credit, 120-day validity",15.6,1080,120,0,App,34,App listing,High
Competitor,2026-01,,,,,South,,,,,,,,,,,,,,,,,,,,,,,,COMP-C,Competitor C,App-based service aggregator,Service bundle,Service + Car Wash Bundle,Service + wash combo at app-only price,19.9,1380,30,0,App,34,App listing,High
Competitor,2026-01,,,,,West,,,,,,,,,,,,,,,,,,,,,,,,COMP-C,Competitor C,App-based service aggregator,Percentage service discount,10% Service Discount,First-booking 20% off in app,22.9,1580,30,0,App,34,App listing,High
Competitor,2026-01,,,,,West,,,,,,,,,,,,,,,,,,,,,,,,COMP-C,Competitor C,App-based service aggregator,Fixed-value voucher,₹500 Discount Voucher,"₹1,000 app wallet credit, 120-day validity",15.6,1080,120,0,App,29,App listing,High
Competitor,2026-01,,,,,West,,,,,,,,,,,,,,,,,,,,,,,,COMP-C,Competitor C,App-based service aggregator,Service bundle,Service + Car Wash Bundle,Service + wash combo at app-only price,18.2,1260,30,0,App,34,App listing,High
Competitor,2026-01,,,,,South,,,,,,,,,,,,,,,,,,,,,,,,COMP-D,Competitor D,Express service chain,Percentage service discount,10% Service Discount,12% off express service,15.1,1040,30,0,In-store,32,Mystery shopper,Medium
Competitor,2026-01,,,,,South,,,,,,,,,,,,,,,,,,,,,,,,COMP-D,Competitor D,Express service chain,Free add-on,Free Car Wash,Free wash with express service,5.5,380,30,0,In-store,34,Mystery shopper,Medium
Competitor,2026-01,,,,,South,,,,,,,,,,,,,,,,,,,,,,,,COMP-D,Competitor D,Express service chain,Fixed-value voucher,₹500 Discount Voucher,"₹600 voucher, 60-day validity",10,690,60,0,In-store,33,Mystery shopper,Medium
Competitor,2026-01,,,,,West,,,,,,,,,,,,,,,,,,,,,,,,COMP-D,Competitor D,Express service chain,Percentage service discount,10% Service Discount,12% off express service,13.7,950,30,0,In-store,30,Mystery shopper,Medium
Competitor,2026-01,,,,,West,,,,,,,,,,,,,,,,,,,,,,,,COMP-D,Competitor D,Express service chain,Free add-on,Free Car Wash,Free wash with express service,5.6,390,30,0,In-store,34,Mystery shopper,Medium
Competitor,2026-01,,,,,West,,,,,,,,,,,,,,,,,,,,,,,,COMP-D,Competitor D,Express service chain,Fixed-value voucher,₹500 Discount Voucher,"₹600 voucher, 60-day validity",9.6,660,60,0,In-store,29,Mystery shopper,Medium
Competitor,2026-01,,,,,Central,,,,,,,,,,,,,,,,,,,,,,,,COMP-D,Competitor D,Express service chain,Percentage service discount,10% Service Discount,12% off express service,11.6,800,30,0,In-store,28,Mystery shopper,Medium
Competitor,2026-01,,,,,Central,,,,,,,,,,,,,,,,,,,,,,,,COMP-D,Competitor D,Express service chain,Free add-on,Free Car Wash,Free wash with express service,5.1,350,30,0,In-store,27,Mystery shopper,Medium
Competitor,2026-01,,,,,Central,,,,,,,,,,,,,,,,,,,,,,,,COMP-D,Competitor D,Express service chain,Fixed-value voucher,₹500 Discount Voucher,"₹600 voucher, 60-day validity",8.5,590,60,0,In-store,30,Mystery shopper,Medium
Competitor,2026-01,,,,,North,,,,,,,,,,,,,,,,,,,,,,,,COMP-E,Competitor E,Regional independent garages,Percentage service discount,10% Service Discount,12% off labour charges,12.9,890,30,0,In-store,30,Public price list,Medium
Competitor,2026-01,,,,,North,,,,,,,,,,,,,,,,,,,,,,,,COMP-E,Competitor E,Regional independent garages,Free inspection,Free Engine Check,"Free check-up, no credit",4.3,300,30,0,In-store,29,Public price list,Medium
Competitor,2026-01,,,,,North,,,,,,,,,,,,,,,,,,,,,,,,COMP-E,Competitor E,Regional independent garages,Free add-on,Free Car Wash,Free basic wash,4.5,310,30,0,In-store,28,Public price list,Medium
Competitor,2026-01,,,,,South,,,,,,,,,,,,,,,,,,,,,,,,COMP-E,Competitor E,Regional independent garages,Percentage service discount,10% Service Discount,12% off labour charges,15.4,1070,30,0,In-store,35,Public price list,Medium
Competitor,2026-01,,,,,South,,,,,,,,,,,,,,,,,,,,,,,,COMP-E,Competitor E,Regional independent garages,Free inspection,Free Engine Check,"Free check-up, no credit",4.8,330,30,0,In-store,34,Public price list,Medium
Competitor,2026-01,,,,,South,,,,,,,,,,,,,,,,,,,,,,,,COMP-E,Competitor E,Regional independent garages,Free add-on,Free Car Wash,Free basic wash,5.1,350,30,0,In-store,31,Public price list,Medium
Competitor,2026-01,,,,,East,,,,,,,,,,,,,,,,,,,,,,,,COMP-E,Competitor E,Regional independent garages,Percentage service discount,10% Service Discount,12% off labour charges,8,560,30,0,In-store,24,Public price list,Medium
Competitor,2026-01,,,,,East,,,,,,,,,,,,,,,,,,,,,,,,COMP-E,Competitor E,Regional independent garages,Free inspection,Free Engine Check,"Free check-up, no credit",3.6,250,30,0,In-store,27,Public price list,Medium
Competitor,2026-01,,,,,East,,,,,,,,,,,,,,,,,,,,,,,,COMP-E,Competitor E,Regional independent garages,Free add-on,Free Car Wash,Free basic wash,3.5,240,30,0,In-store,27,Public price list,Medium
Competitor,2026-01,,,,,West,,,,,,,,,,,,,,,,,,,,,,,,COMP-E,Competitor E,Regional independent garages,Percentage service discount,10% Service Discount,12% off labour charges,13.3,920,30,0,In-store,32,Public price list,Medium
Competitor,2026-01,,,,,West,,,,,,,,,,,,,,,,,,,,,,,,COMP-E,Competitor E,Regional independent garages,Free inspection,Free Engine Check,"Free check-up, no credit",4.5,310,30,0,In-store,34,Public price list,Medium
Competitor,2026-01,,,,,West,,,,,,,,,,,,,,,,,,,,,,,,COMP-E,Competitor E,Regional independent garages,Free add-on,Free Car Wash,Free basic wash,4.6,320,30,0,In-store,29,Public price list,Medium
Competitor,2026-01,,,,,Central,,,,,,,,,,,,,,,,,,,,,,,,COMP-E,Competitor E,Regional independent garages,Percentage service discount,10% Service Discount,12% off labour charges,10.9,750,30,0,In-store,29,Public price list,Medium
Competitor,2026-01,,,,,Central,,,,,,,,,,,,,,,,,,,,,,,,COMP-E,Competitor E,Regional independent garages,Free inspection,Free Engine Check,"Free check-up, no credit",4.1,280,30,0,In-store,32,Public price list,Medium
Competitor,2026-01,,,,,Central,,,,,,,,,,,,,,,,,,,,,,,,COMP-E,Competitor E,Regional independent garages,Free add-on,Free Car Wash,Free basic wash,4.2,290,30,0,In-store,28,Public price list,Medium
Competitor,2026-02,,,,,North,,,,,,,,,,,,,,,,,,,,,,,,COMP-A,Competitor A,National multi-brand chain,Percentage service discount,10% Service Discount,15% off periodic service,16.3,1130,30,0,In-store,29,Public price list,High
Competitor,2026-02,,,,,North,,,,,,,,,,,,,,,,,,,,,,,,COMP-A,Competitor A,National multi-brand chain,Fixed-value voucher,₹500 Discount Voucher,"₹750 voucher on next service, 90-day validity",11.6,800,90,0,In-store,29,Public price list,High
Competitor,2026-02,,,,,North,,,,,,,,,,,,,,,,,,,,,,,,COMP-A,Competitor A,National multi-brand chain,Free inspection,Free Engine Check,Free 30-point check with ₹500 repair credit,6.9,480,30,500,In-store,31,Public price list,High
Competitor,2026-02,,,,,North,,,,,,,,,,,,,,,,,,,,,,,,COMP-A,Competitor A,National multi-brand chain,Service bundle,Service + Car Wash Bundle,Service + wash + interior clean bundle,15.1,1050,30,0,In-store,28,Public price list,High
Competitor,2026-02,,,,,South,,,,,,,,,,,,,,,,,,,,,,,,COMP-A,Competitor A,National multi-brand chain,Percentage service discount,10% Service Discount,15% off periodic service,18.2,1260,30,0,In-store,32,Public price list,High
Competitor,2026-02,,,,,South,,,,,,,,,,,,,,,,,,,,,,,,COMP-A,Competitor A,National multi-brand chain,Fixed-value voucher,₹500 Discount Voucher,"₹750 voucher on next service, 90-day validity",12.2,840,90,0,In-store,30,Public price list,High
Competitor,2026-02,,,,,South,,,,,,,,,,,,,,,,,,,,,,,,COMP-A,Competitor A,National multi-brand chain,Free inspection,Free Engine Check,Free 30-point check with ₹500 repair credit,7.1,490,30,500,In-store,34,Public price list,High
Competitor,2026-02,,,,,South,,,,,,,,,,,,,,,,,,,,,,,,COMP-A,Competitor A,National multi-brand chain,Service bundle,Service + Car Wash Bundle,Service + wash + interior clean bundle,17.4,1200,30,0,In-store,32,Public price list,High
Competitor,2026-02,,,,,East,,,,,,,,,,,,,,,,,,,,,,,,COMP-A,Competitor A,National multi-brand chain,Percentage service discount,10% Service Discount,15% off periodic service,10.4,720,30,0,In-store,25,Public price list,High
Competitor,2026-02,,,,,East,,,,,,,,,,,,,,,,,,,,,,,,COMP-A,Competitor A,National multi-brand chain,Fixed-value voucher,₹500 Discount Voucher,"₹750 voucher on next service, 90-day validity",9.1,630,90,0,In-store,25,Public price list,High
Competitor,2026-02,,,,,East,,,,,,,,,,,,,,,,,,,,,,,,COMP-A,Competitor A,National multi-brand chain,Free inspection,Free Engine Check,Free 30-point check with ₹500 repair credit,5.6,390,30,500,In-store,27,Public price list,High
Competitor,2026-02,,,,,East,,,,,,,,,,,,,,,,,,,,,,,,COMP-A,Competitor A,National multi-brand chain,Service bundle,Service + Car Wash Bundle,Service + wash + interior clean bundle,9.9,680,30,0,In-store,26,Public price list,High
Competitor,2026-02,,,,,West,,,,,,,,,,,,,,,,,,,,,,,,COMP-A,Competitor A,National multi-brand chain,Percentage service discount,10% Service Discount,15% off periodic service,17.2,1190,30,0,In-store,31,Public price list,High
Competitor,2026-02,,,,,West,,,,,,,,,,,,,,,,,,,,,,,,COMP-A,Competitor A,National multi-brand chain,Fixed-value voucher,₹500 Discount Voucher,"₹750 voucher on next service, 90-day validity",11.3,780,90,0,In-store,29,Public price list,High
Competitor,2026-02,,,,,West,,,,,,,,,,,,,,,,,,,,,,,,COMP-A,Competitor A,National multi-brand chain,Free inspection,Free Engine Check,Free 30-point check with ₹500 repair credit,7.2,500,30,500,In-store,32,Public price list,High
Competitor,2026-02,,,,,West,,,,,,,,,,,,,,,,,,,,,,,,COMP-A,Competitor A,National multi-brand chain,Service bundle,Service + Car Wash Bundle,Service + wash + interior clean bundle,16.4,1130,30,0,In-store,31,Public price list,High
Competitor,2026-02,,,,,Central,,,,,,,,,,,,,,,,,,,,,,,,COMP-A,Competitor A,National multi-brand chain,Percentage service discount,10% Service Discount,15% off periodic service,13.9,960,30,0,In-store,29,Public price list,High
Competitor,2026-02,,,,,Central,,,,,,,,,,,,,,,,,,,,,,,,COMP-A,Competitor A,National multi-brand chain,Fixed-value voucher,₹500 Discount Voucher,"₹750 voucher on next service, 90-day validity",11,760,90,0,In-store,29,Public price list,High
Competitor,2026-02,,,,,Central,,,,,,,,,,,,,,,,,,,,,,,,COMP-A,Competitor A,National multi-brand chain,Free inspection,Free Engine Check,Free 30-point check with ₹500 repair credit,6.4,440,30,500,In-store,32,Public price list,High
Competitor,2026-02,,,,,Central,,,,,,,,,,,,,,,,,,,,,,,,COMP-A,Competitor A,National multi-brand chain,Service bundle,Service + Car Wash Bundle,Service + wash + interior clean bundle,14,960,30,0,In-store,30,Public price list,High
Competitor,2026-02,,,,,North,,,,,,,,,,,,,,,,,,,,,,,,COMP-B,Competitor B,OEM-authorised network,Percentage service discount,10% Service Discount,8% off for out-of-warranty cars,8.2,570,30,0,In-store,30,Mystery shopper,Medium
Competitor,2026-02,,,,,North,,,,,,,,,,,,,,,,,,,,,,,,COMP-B,Competitor B,OEM-authorised network,Free add-on,Free Car Wash,Free wash with any paid service,5.4,370,30,0,In-store,31,Mystery shopper,Medium
Competitor,2026-02,,,,,North,,,,,,,,,,,,,,,,,,,,,,,,COMP-B,Competitor B,OEM-authorised network,Free inspection,Free Engine Check,Free health check + ₹500 repair credit,7.8,540,30,500,In-store,29,Mystery shopper,Medium
Competitor,2026-02,,,,,North,,,,,,,,,,,,,,,,,,,,,,,,COMP-B,Competitor B,OEM-authorised network,Service bundle,Service + Car Wash Bundle,Annual maintenance plan,9.4,650,365,0,In-store,34,Mystery shopper,Medium
Competitor,2026-02,,,,,South,,,,,,,,,,,,,,,,,,,,,,,,COMP-B,Competitor B,OEM-authorised network,Percentage service discount,10% Service Discount,8% off for out-of-warranty cars,10.3,710,30,0,In-store,33,Mystery shopper,Medium
Competitor,2026-02,,,,,South,,,,,,,,,,,,,,,,,,,,,,,,COMP-B,Competitor B,OEM-authorised network,Free add-on,Free Car Wash,Free wash with any paid service,5.8,400,30,0,In-store,35,Mystery shopper,Medium
Competitor,2026-02,,,,,South,,,,,,,,,,,,,,,,,,,,,,,,COMP-B,Competitor B,OEM-authorised network,Free inspection,Free Engine Check,Free health check + ₹500 repair credit,8,550,30,500,In-store,33,Mystery shopper,Medium
Competitor,2026-02,,,,,South,,,,,,,,,,,,,,,,,,,,,,,,COMP-B,Competitor B,OEM-authorised network,Service bundle,Service + Car Wash Bundle,Annual maintenance plan,11.7,810,365,0,In-store,30,Mystery shopper,Medium
Competitor,2026-02,,,,,East,,,,,,,,,,,,,,,,,,,,,,,,COMP-B,Competitor B,OEM-authorised network,Percentage service discount,10% Service Discount,8% off for out-of-warranty cars,5.5,380,30,0,In-store,27,Mystery shopper,Medium
Competitor,2026-02,,,,,East,,,,,,,,,,,,,,,,,,,,,,,,COMP-B,Competitor B,OEM-authorised network,Free add-on,Free Car Wash,Free wash with any paid service,4.3,300,30,0,In-store,25,Mystery shopper,Medium
Competitor,2026-02,,,,,East,,,,,,,,,,,,,,,,,,,,,,,,COMP-B,Competitor B,OEM-authorised network,Free inspection,Free Engine Check,Free health check + ₹500 repair credit,6.2,430,30,500,In-store,25,Mystery shopper,Medium
Competitor,2026-02,,,,,East,,,,,,,,,,,,,,,,,,,,,,,,COMP-B,Competitor B,OEM-authorised network,Service bundle,Service + Car Wash Bundle,Annual maintenance plan,6.4,440,365,0,In-store,27,Mystery shopper,Medium
Competitor,2026-02,,,,,West,,,,,,,,,,,,,,,,,,,,,,,,COMP-B,Competitor B,OEM-authorised network,Percentage service discount,10% Service Discount,8% off for out-of-warranty cars,9.2,640,30,0,In-store,32,Mystery shopper,Medium
Competitor,2026-02,,,,,West,,,,,,,,,,,,,,,,,,,,,,,,COMP-B,Competitor B,OEM-authorised network,Free add-on,Free Car Wash,Free wash with any paid service,5.6,390,30,0,In-store,31,Mystery shopper,Medium
Competitor,2026-02,,,,,West,,,,,,,,,,,,,,,,,,,,,,,,COMP-B,Competitor B,OEM-authorised network,Free inspection,Free Engine Check,Free health check + ₹500 repair credit,7.5,520,30,500,In-store,31,Mystery shopper,Medium
Competitor,2026-02,,,,,West,,,,,,,,,,,,,,,,,,,,,,,,COMP-B,Competitor B,OEM-authorised network,Service bundle,Service + Car Wash Bundle,Annual maintenance plan,10,690,365,0,In-store,34,Mystery shopper,Medium
Competitor,2026-02,,,,,Central,,,,,,,,,,,,,,,,,,,,,,,,COMP-B,Competitor B,OEM-authorised network,Percentage service discount,10% Service Discount,8% off for out-of-warranty cars,7.9,550,30,0,In-store,30,Mystery shopper,Medium
Competitor,2026-02,,,,,Central,,,,,,,,,,,,,,,,,,,,,,,,COMP-B,Competitor B,OEM-authorised network,Free add-on,Free Car Wash,Free wash with any paid service,4.8,330,30,0,In-store,30,Mystery shopper,Medium
Competitor,2026-02,,,,,Central,,,,,,,,,,,,,,,,,,,,,,,,COMP-B,Competitor B,OEM-authorised network,Free inspection,Free Engine Check,Free health check + ₹500 repair credit,6.9,480,30,500,In-store,31,Mystery shopper,Medium
Competitor,2026-02,,,,,Central,,,,,,,,,,,,,,,,,,,,,,,,COMP-B,Competitor B,OEM-authorised network,Service bundle,Service + Car Wash Bundle,Annual maintenance plan,8.2,570,365,0,In-store,29,Mystery shopper,Medium
Competitor,2026-02,,,,,North,,,,,,,,,,,,,,,,,,,,,,,,COMP-C,Competitor C,App-based service aggregator,Percentage service discount,10% Service Discount,First-booking 20% off in app,22.5,1560,30,0,App,31,App listing,High
Competitor,2026-02,,,,,North,,,,,,,,,,,,,,,,,,,,,,,,COMP-C,Competitor C,App-based service aggregator,Fixed-value voucher,₹500 Discount Voucher,"₹1,000 app wallet credit, 120-day validity",15.3,1060,120,0,App,30,App listing,High
Competitor,2026-02,,,,,North,,,,,,,,,,,,,,,,,,,,,,,,COMP-C,Competitor C,App-based service aggregator,Service bundle,Service + Car Wash Bundle,Service + wash combo at app-only price,17.5,1210,30,0,App,31,App listing,High
Competitor,2026-02,,,,,South,,,,,,,,,,,,,,,,,,,,,,,,COMP-C,Competitor C,App-based service aggregator,Percentage service discount,10% Service Discount,First-booking 20% off in app,24.4,1680,30,0,App,32,App listing,High
Competitor,2026-02,,,,,South,,,,,,,,,,,,,,,,,,,,,,,,COMP-C,Competitor C,App-based service aggregator,Fixed-value voucher,₹500 Discount Voucher,"₹1,000 app wallet credit, 120-day validity",15.9,1100,120,0,App,30,App listing,High
Competitor,2026-02,,,,,South,,,,,,,,,,,,,,,,,,,,,,,,COMP-C,Competitor C,App-based service aggregator,Service bundle,Service + Car Wash Bundle,Service + wash combo at app-only price,20.8,1440,30,0,App,34,App listing,High
Competitor,2026-02,,,,,West,,,,,,,,,,,,,,,,,,,,,,,,COMP-C,Competitor C,App-based service aggregator,Percentage service discount,10% Service Discount,First-booking 20% off in app,24,1660,30,0,App,32,App listing,High
Competitor,2026-02,,,,,West,,,,,,,,,,,,,,,,,,,,,,,,COMP-C,Competitor C,App-based service aggregator,Fixed-value voucher,₹500 Discount Voucher,"₹1,000 app wallet credit, 120-day validity",15.5,1070,120,0,App,33,App listing,High
Competitor,2026-02,,,,,West,,,,,,,,,,,,,,,,,,,,,,,,COMP-C,Competitor C,App-based service aggregator,Service bundle,Service + Car Wash Bundle,Service + wash combo at app-only price,17.9,1240,30,0,App,30,App listing,High
Competitor,2026-02,,,,,South,,,,,,,,,,,,,,,,,,,,,,,,COMP-D,Competitor D,Express service chain,Percentage service discount,10% Service Discount,12% off express service,15.5,1070,30,0,In-store,31,Mystery shopper,Medium
Competitor,2026-02,,,,,South,,,,,,,,,,,,,,,,,,,,,,,,COMP-D,Competitor D,Express service chain,Free add-on,Free Car Wash,Free wash with express service,5.6,390,30,0,In-store,31,Mystery shopper,Medium
Competitor,2026-02,,,,,South,,,,,,,,,,,,,,,,,,,,,,,,COMP-D,Competitor D,Express service chain,Fixed-value voucher,₹500 Discount Voucher,"₹600 voucher, 60-day validity",10,690,60,0,In-store,32,Mystery shopper,Medium
Competitor,2026-02,,,,,West,,,,,,,,,,,,,,,,,,,,,,,,COMP-D,Competitor D,Express service chain,Percentage service discount,10% Service Discount,12% off express service,13.3,920,30,0,In-store,34,Mystery shopper,Medium
Competitor,2026-02,,,,,West,,,,,,,,,,,,,,,,,,,,,,,,COMP-D,Competitor D,Express service chain,Free add-on,Free Car Wash,Free wash with express service,5.6,390,30,0,In-store,30,Mystery shopper,Medium
Competitor,2026-02,,,,,West,,,,,,,,,,,,,,,,,,,,,,,,COMP-D,Competitor D,Express service chain,Fixed-value voucher,₹500 Discount Voucher,"₹600 voucher, 60-day validity",9.1,630,60,0,In-store,32,Mystery shopper,Medium
Competitor,2026-02,,,,,Central,,,,,,,,,,,,,,,,,,,,,,,,COMP-D,Competitor D,Express service chain,Percentage service discount,10% Service Discount,12% off express service,11.7,810,30,0,In-store,27,Mystery shopper,Medium
Competitor,2026-02,,,,,Central,,,,,,,,,,,,,,,,,,,,,,,,COMP-D,Competitor D,Express service chain,Free add-on,Free Car Wash,Free wash with express service,5.1,350,30,0,In-store,32,Mystery shopper,Medium
Competitor,2026-02,,,,,Central,,,,,,,,,,,,,,,,,,,,,,,,COMP-D,Competitor D,Express service chain,Fixed-value voucher,₹500 Discount Voucher,"₹600 voucher, 60-day validity",8.7,600,60,0,In-store,29,Mystery shopper,Medium
Competitor,2026-02,,,,,North,,,,,,,,,,,,,,,,,,,,,,,,COMP-E,Competitor E,Regional independent garages,Percentage service discount,10% Service Discount,12% off labour charges,13.1,900,30,0,In-store,33,Public price list,Medium
Competitor,2026-02,,,,,North,,,,,,,,,,,,,,,,,,,,,,,,COMP-E,Competitor E,Regional independent garages,Free inspection,Free Engine Check,"Free check-up, no credit",4.5,310,30,0,In-store,32,Public price list,Medium
Competitor,2026-02,,,,,North,,,,,,,,,,,,,,,,,,,,,,,,COMP-E,Competitor E,Regional independent garages,Free add-on,Free Car Wash,Free basic wash,4.5,310,30,0,In-store,31,Public price list,Medium
Competitor,2026-02,,,,,South,,,,,,,,,,,,,,,,,,,,,,,,COMP-E,Competitor E,Regional independent garages,Percentage service discount,10% Service Discount,12% off labour charges,14.7,1020,30,0,In-store,32,Public price list,Medium
Competitor,2026-02,,,,,South,,,,,,,,,,,,,,,,,,,,,,,,COMP-E,Competitor E,Regional independent garages,Free inspection,Free Engine Check,"Free check-up, no credit",5.1,350,30,0,In-store,34,Public price list,Medium
Competitor,2026-02,,,,,South,,,,,,,,,,,,,,,,,,,,,,,,COMP-E,Competitor E,Regional independent garages,Free add-on,Free Car Wash,Free basic wash,5.1,350,30,0,In-store,32,Public price list,Medium
Competitor,2026-02,,,,,East,,,,,,,,,,,,,,,,,,,,,,,,COMP-E,Competitor E,Regional independent garages,Percentage service discount,10% Service Discount,12% off labour charges,8.5,590,30,0,In-store,23,Public price list,Medium
Competitor,2026-02,,,,,East,,,,,,,,,,,,,,,,,,,,,,,,COMP-E,Competitor E,Regional independent garages,Free inspection,Free Engine Check,"Free check-up, no credit",3.6,250,30,0,In-store,26,Public price list,Medium
Competitor,2026-02,,,,,East,,,,,,,,,,,,,,,,,,,,,,,,COMP-E,Competitor E,Regional independent garages,Free add-on,Free Car Wash,Free basic wash,3.8,260,30,0,In-store,25,Public price list,Medium
Competitor,2026-02,,,,,West,,,,,,,,,,,,,,,,,,,,,,,,COMP-E,Competitor E,Regional independent garages,Percentage service discount,10% Service Discount,12% off labour charges,13.2,920,30,0,In-store,34,Public price list,Medium
Competitor,2026-02,,,,,West,,,,,,,,,,,,,,,,,,,,,,,,COMP-E,Competitor E,Regional independent garages,Free inspection,Free Engine Check,"Free check-up, no credit",4.5,310,30,0,In-store,32,Public price list,Medium
Competitor,2026-02,,,,,West,,,,,,,,,,,,,,,,,,,,,,,,COMP-E,Competitor E,Regional independent garages,Free add-on,Free Car Wash,Free basic wash,4.5,310,30,0,In-store,29,Public price list,Medium
Competitor,2026-02,,,,,Central,,,,,,,,,,,,,,,,,,,,,,,,COMP-E,Competitor E,Regional independent garages,Percentage service discount,10% Service Discount,12% off labour charges,11.3,780,30,0,In-store,27,Public price list,Medium
Competitor,2026-02,,,,,Central,,,,,,,,,,,,,,,,,,,,,,,,COMP-E,Competitor E,Regional independent garages,Free inspection,Free Engine Check,"Free check-up, no credit",4.3,300,30,0,In-store,29,Public price list,Medium
Competitor,2026-02,,,,,Central,,,,,,,,,,,,,,,,,,,,,,,,COMP-E,Competitor E,Regional independent garages,Free add-on,Free Car Wash,Free basic wash,4.1,280,30,0,In-store,30,Public price list,Medium
Competitor,2026-03,,,,,North,,,,,,,,,,,,,,,,,,,,,,,,COMP-A,Competitor A,National multi-brand chain,Percentage service discount,10% Service Discount,15% off periodic service,16.5,1140,30,0,In-store,29,Public price list,High
Competitor,2026-03,,,,,North,,,,,,,,,,,,,,,,,,,,,,,,COMP-A,Competitor A,National multi-brand chain,Fixed-value voucher,₹500 Discount Voucher,"₹750 voucher on next service, 90-day validity",11.1,770,90,0,In-store,30,Public price list,High
Competitor,2026-03,,,,,North,,,,,,,,,,,,,,,,,,,,,,,,COMP-A,Competitor A,National multi-brand chain,Free inspection,Free Engine Check,Free 30-point check with ₹500 repair credit,6.7,460,30,500,In-store,33,Public price list,High
Competitor,2026-03,,,,,North,,,,,,,,,,,,,,,,,,,,,,,,COMP-A,Competitor A,National multi-brand chain,Service bundle,Service + Car Wash Bundle,Service + wash + interior clean bundle,15.2,1050,30,0,In-store,30,Public price list,High
Competitor,2026-03,,,,,South,,,,,,,,,,,,,,,,,,,,,,,,COMP-A,Competitor A,National multi-brand chain,Percentage service discount,10% Service Discount,15% off periodic service,19.3,1340,30,0,In-store,32,Public price list,High
Competitor,2026-03,,,,,South,,,,,,,,,,,,,,,,,,,,,,,,COMP-A,Competitor A,National multi-brand chain,Fixed-value voucher,₹500 Discount Voucher,"₹750 voucher on next service, 90-day validity",12.2,840,90,0,In-store,35,Public price list,High
Competitor,2026-03,,,,,South,,,,,,,,,,,,,,,,,,,,,,,,COMP-A,Competitor A,National multi-brand chain,Free inspection,Free Engine Check,Free 30-point check with ₹500 repair credit,7.4,510,30,500,In-store,31,Public price list,High
Competitor,2026-03,,,,,South,,,,,,,,,,,,,,,,,,,,,,,,COMP-A,Competitor A,National multi-brand chain,Service bundle,Service + Car Wash Bundle,Service + wash + interior clean bundle,18.7,1290,30,0,In-store,34,Public price list,High
Competitor,2026-03,,,,,East,,,,,,,,,,,,,,,,,,,,,,,,COMP-A,Competitor A,National multi-brand chain,Percentage service discount,10% Service Discount,15% off periodic service,10.7,740,30,0,In-store,27,Public price list,High
Competitor,2026-03,,,,,East,,,,,,,,,,,,,,,,,,,,,,,,COMP-A,Competitor A,National multi-brand chain,Fixed-value voucher,₹500 Discount Voucher,"₹750 voucher on next service, 90-day validity",9,620,90,0,In-store,25,Public price list,High
Competitor,2026-03,,,,,East,,,,,,,,,,,,,,,,,,,,,,,,COMP-A,Competitor A,National multi-brand chain,Free inspection,Free Engine Check,Free 30-point check with ₹500 repair credit,5.5,380,30,500,In-store,25,Public price list,High
Competitor,2026-03,,,,,East,,,,,,,,,,,,,,,,,,,,,,,,COMP-A,Competitor A,National multi-brand chain,Service bundle,Service + Car Wash Bundle,Service + wash + interior clean bundle,9.4,650,30,0,In-store,25,Public price list,High
Competitor,2026-03,,,,,West,,,,,,,,,,,,,,,,,,,,,,,,COMP-A,Competitor A,National multi-brand chain,Percentage service discount,10% Service Discount,15% off periodic service,18.7,1290,30,0,In-store,32,Public price list,High
Competitor,2026-03,,,,,West,,,,,,,,,,,,,,,,,,,,,,,,COMP-A,Competitor A,National multi-brand chain,Fixed-value voucher,₹500 Discount Voucher,"₹750 voucher on next service, 90-day validity",11.6,800,90,0,In-store,29,Public price list,High
Competitor,2026-03,,,,,West,,,,,,,,,,,,,,,,,,,,,,,,COMP-A,Competitor A,National multi-brand chain,Free inspection,Free Engine Check,Free 30-point check with ₹500 repair credit,7.1,490,30,500,In-store,34,Public price list,High
Competitor,2026-03,,,,,West,,,,,,,,,,,,,,,,,,,,,,,,COMP-A,Competitor A,National multi-brand chain,Service bundle,Service + Car Wash Bundle,Service + wash + interior clean bundle,16.4,1130,30,0,In-store,34,Public price list,High
Competitor,2026-03,,,,,Central,,,,,,,,,,,,,,,,,,,,,,,,COMP-A,Competitor A,National multi-brand chain,Percentage service discount,10% Service Discount,15% off periodic service,14.3,990,30,0,In-store,27,Public price list,High
Competitor,2026-03,,,,,Central,,,,,,,,,,,,,,,,,,,,,,,,COMP-A,Competitor A,National multi-brand chain,Fixed-value voucher,₹500 Discount Voucher,"₹750 voucher on next service, 90-day validity",10.3,710,90,0,In-store,27,Public price list,High
Competitor,2026-03,,,,,Central,,,,,,,,,,,,,,,,,,,,,,,,COMP-A,Competitor A,National multi-brand chain,Free inspection,Free Engine Check,Free 30-point check with ₹500 repair credit,6.4,440,30,500,In-store,29,Public price list,High
Competitor,2026-03,,,,,Central,,,,,,,,,,,,,,,,,,,,,,,,COMP-A,Competitor A,National multi-brand chain,Service bundle,Service + Car Wash Bundle,Service + wash + interior clean bundle,13.6,940,30,0,In-store,32,Public price list,High
Competitor,2026-03,,,,,North,,,,,,,,,,,,,,,,,,,,,,,,COMP-B,Competitor B,OEM-authorised network,Percentage service discount,10% Service Discount,8% off for out-of-warranty cars,8.2,570,30,0,In-store,32,Mystery shopper,Medium
Competitor,2026-03,,,,,North,,,,,,,,,,,,,,,,,,,,,,,,COMP-B,Competitor B,OEM-authorised network,Free add-on,Free Car Wash,Free wash with any paid service,5.2,360,30,0,In-store,31,Mystery shopper,Medium
Competitor,2026-03,,,,,North,,,,,,,,,,,,,,,,,,,,,,,,COMP-B,Competitor B,OEM-authorised network,Free inspection,Free Engine Check,Free health check + ₹500 repair credit,7.4,510,30,500,In-store,29,Mystery shopper,Medium
Competitor,2026-03,,,,,North,,,,,,,,,,,,,,,,,,,,,,,,COMP-B,Competitor B,OEM-authorised network,Service bundle,Service + Car Wash Bundle,Annual maintenance plan,10.1,700,365,0,In-store,30,Mystery shopper,Medium
Competitor,2026-03,,,,,South,,,,,,,,,,,,,,,,,,,,,,,,COMP-B,Competitor B,OEM-authorised network,Percentage service discount,10% Service Discount,8% off for out-of-warranty cars,9.7,670,30,0,In-store,35,Mystery shopper,Medium
Competitor,2026-03,,,,,South,,,,,,,,,,,,,,,,,,,,,,,,COMP-B,Competitor B,OEM-authorised network,Free add-on,Free Car Wash,Free wash with any paid service,5.6,390,30,0,In-store,34,Mystery shopper,Medium
Competitor,2026-03,,,,,South,,,,,,,,,,,,,,,,,,,,,,,,COMP-B,Competitor B,OEM-authorised network,Free inspection,Free Engine Check,Free health check + ₹500 repair credit,8.4,580,30,500,In-store,35,Mystery shopper,Medium
Competitor,2026-03,,,,,South,,,,,,,,,,,,,,,,,,,,,,,,COMP-B,Competitor B,OEM-authorised network,Service bundle,Service + Car Wash Bundle,Annual maintenance plan,11.2,770,365,0,In-store,35,Mystery shopper,Medium
Competitor,2026-03,,,,,East,,,,,,,,,,,,,,,,,,,,,,,,COMP-B,Competitor B,OEM-authorised network,Percentage service discount,10% Service Discount,8% off for out-of-warranty cars,5.6,390,30,0,In-store,25,Mystery shopper,Medium
Competitor,2026-03,,,,,East,,,,,,,,,,,,,,,,,,,,,,,,COMP-B,Competitor B,OEM-authorised network,Free add-on,Free Car Wash,Free wash with any paid service,4.2,290,30,0,In-store,29,Mystery shopper,Medium
Competitor,2026-03,,,,,East,,,,,,,,,,,,,,,,,,,,,,,,COMP-B,Competitor B,OEM-authorised network,Free inspection,Free Engine Check,Free health check + ₹500 repair credit,5.9,410,30,500,In-store,25,Mystery shopper,Medium
Competitor,2026-03,,,,,East,,,,,,,,,,,,,,,,,,,,,,,,COMP-B,Competitor B,OEM-authorised network,Service bundle,Service + Car Wash Bundle,Annual maintenance plan,6,420,365,0,In-store,27,Mystery shopper,Medium
Competitor,2026-03,,,,,West,,,,,,,,,,,,,,,,,,,,,,,,COMP-B,Competitor B,OEM-authorised network,Percentage service discount,10% Service Discount,8% off for out-of-warranty cars,9.2,640,30,0,In-store,33,Mystery shopper,Medium
Competitor,2026-03,,,,,West,,,,,,,,,,,,,,,,,,,,,,,,COMP-B,Competitor B,OEM-authorised network,Free add-on,Free Car Wash,Free wash with any paid service,5.6,390,30,0,In-store,30,Mystery shopper,Medium
Competitor,2026-03,,,,,West,,,,,,,,,,,,,,,,,,,,,,,,COMP-B,Competitor B,OEM-authorised network,Free inspection,Free Engine Check,Free health check + ₹500 repair credit,7.5,520,30,500,In-store,31,Mystery shopper,Medium
Competitor,2026-03,,,,,West,,,,,,,,,,,,,,,,,,,,,,,,COMP-B,Competitor B,OEM-authorised network,Service bundle,Service + Car Wash Bundle,Annual maintenance plan,10.6,730,365,0,In-store,34,Mystery shopper,Medium
Competitor,2026-03,,,,,Central,,,,,,,,,,,,,,,,,,,,,,,,COMP-B,Competitor B,OEM-authorised network,Percentage service discount,10% Service Discount,8% off for out-of-warranty cars,7.5,520,30,0,In-store,29,Mystery shopper,Medium
Competitor,2026-03,,,,,Central,,,,,,,,,,,,,,,,,,,,,,,,COMP-B,Competitor B,OEM-authorised network,Free add-on,Free Car Wash,Free wash with any paid service,4.8,330,30,0,In-store,30,Mystery shopper,Medium
Competitor,2026-03,,,,,Central,,,,,,,,,,,,,,,,,,,,,,,,COMP-B,Competitor B,OEM-authorised network,Free inspection,Free Engine Check,Free health check + ₹500 repair credit,6.9,480,30,500,In-store,29,Mystery shopper,Medium
Competitor,2026-03,,,,,Central,,,,,,,,,,,,,,,,,,,,,,,,COMP-B,Competitor B,OEM-authorised network,Service bundle,Service + Car Wash Bundle,Annual maintenance plan,8.3,580,365,0,In-store,27,Mystery shopper,Medium
Competitor,2026-03,,,,,North,,,,,,,,,,,,,,,,,,,,,,,,COMP-C,Competitor C,App-based service aggregator,Percentage service discount,10% Service Discount,First-booking 20% off in app,22.6,1560,30,0,App,31,App listing,High
Competitor,2026-03,,,,,North,,,,,,,,,,,,,,,,,,,,,,,,COMP-C,Competitor C,App-based service aggregator,Fixed-value voucher,₹500 Discount Voucher,"₹1,000 app wallet credit, 120-day validity",14.5,1000,120,0,App,33,App listing,High
Competitor,2026-03,,,,,North,,,,,,,,,,,,,,,,,,,,,,,,COMP-C,Competitor C,App-based service aggregator,Service bundle,Service + Car Wash Bundle,Service + wash combo at app-only price,16.7,1150,30,0,App,31,App listing,High
Competitor,2026-03,,,,,South,,,,,,,,,,,,,,,,,,,,,,,,COMP-C,Competitor C,App-based service aggregator,Percentage service discount,10% Service Discount,First-booking 20% off in app,25.7,1780,30,0,App,33,App listing,High
Competitor,2026-03,,,,,South,,,,,,,,,,,,,,,,,,,,,,,,COMP-C,Competitor C,App-based service aggregator,Fixed-value voucher,₹500 Discount Voucher,"₹1,000 app wallet credit, 120-day validity",16.5,1140,120,0,App,31,App listing,High
Competitor,2026-03,,,,,South,,,,,,,,,,,,,,,,,,,,,,,,COMP-C,Competitor C,App-based service aggregator,Service bundle,Service + Car Wash Bundle,Service + wash combo at app-only price,21.3,1470,30,0,App,34,App listing,High
Competitor,2026-03,,,,,West,,,,,,,,,,,,,,,,,,,,,,,,COMP-C,Competitor C,App-based service aggregator,Percentage service discount,10% Service Discount,First-booking 20% off in app,24.8,1710,30,0,App,33,App listing,High
Competitor,2026-03,,,,,West,,,,,,,,,,,,,,,,,,,,,,,,COMP-C,Competitor C,App-based service aggregator,Fixed-value voucher,₹500 Discount Voucher,"₹1,000 app wallet credit, 120-day validity",16.1,1110,120,0,App,33,App listing,High
Competitor,2026-03,,,,,West,,,,,,,,,,,,,,,,,,,,,,,,COMP-C,Competitor C,App-based service aggregator,Service bundle,Service + Car Wash Bundle,Service + wash combo at app-only price,18.8,1300,30,0,App,35,App listing,High
Competitor,2026-03,,,,,South,,,,,,,,,,,,,,,,,,,,,,,,COMP-D,Competitor D,Express service chain,Percentage service discount,10% Service Discount,12% off express service,14.4,990,30,0,In-store,33,Mystery shopper,Medium
Competitor,2026-03,,,,,South,,,,,,,,,,,,,,,,,,,,,,,,COMP-D,Competitor D,Express service chain,Free add-on,Free Car Wash,Free wash with express service,5.5,380,30,0,In-store,31,Mystery shopper,Medium
Competitor,2026-03,,,,,South,,,,,,,,,,,,,,,,,,,,,,,,COMP-D,Competitor D,Express service chain,Fixed-value voucher,₹500 Discount Voucher,"₹600 voucher, 60-day validity",9.7,670,60,0,In-store,34,Mystery shopper,Medium
Competitor,2026-03,,,,,West,,,,,,,,,,,,,,,,,,,,,,,,COMP-D,Competitor D,Express service chain,Percentage service discount,10% Service Discount,12% off express service,14,970,30,0,In-store,33,Mystery shopper,Medium
Competitor,2026-03,,,,,West,,,,,,,,,,,,,,,,,,,,,,,,COMP-D,Competitor D,Express service chain,Free add-on,Free Car Wash,Free wash with express service,5.6,390,30,0,In-store,32,Mystery shopper,Medium
Competitor,2026-03,,,,,West,,,,,,,,,,,,,,,,,,,,,,,,COMP-D,Competitor D,Express service chain,Fixed-value voucher,₹500 Discount Voucher,"₹600 voucher, 60-day validity",9.6,660,60,0,In-store,34,Mystery shopper,Medium
Competitor,2026-03,,,,,Central,,,,,,,,,,,,,,,,,,,,,,,,COMP-D,Competitor D,Express service chain,Percentage service discount,10% Service Discount,12% off express service,11.6,800,30,0,In-store,32,Mystery shopper,Medium
Competitor,2026-03,,,,,Central,,,,,,,,,,,,,,,,,,,,,,,,COMP-D,Competitor D,Express service chain,Free add-on,Free Car Wash,Free wash with express service,4.9,340,30,0,In-store,31,Mystery shopper,Medium
Competitor,2026-03,,,,,Central,,,,,,,,,,,,,,,,,,,,,,,,COMP-D,Competitor D,Express service chain,Fixed-value voucher,₹500 Discount Voucher,"₹600 voucher, 60-day validity",8.8,610,60,0,In-store,31,Mystery shopper,Medium
Competitor,2026-03,,,,,North,,,,,,,,,,,,,,,,,,,,,,,,COMP-E,Competitor E,Regional independent garages,Percentage service discount,10% Service Discount,12% off labour charges,13.4,930,30,0,In-store,33,Public price list,Medium
Competitor,2026-03,,,,,North,,,,,,,,,,,,,,,,,,,,,,,,COMP-E,Competitor E,Regional independent garages,Free inspection,Free Engine Check,"Free check-up, no credit",4.6,320,30,0,In-store,28,Public price list,Medium
Competitor,2026-03,,,,,North,,,,,,,,,,,,,,,,,,,,,,,,COMP-E,Competitor E,Regional independent garages,Free add-on,Free Car Wash,Free basic wash,4.5,310,30,0,In-store,33,Public price list,Medium
Competitor,2026-03,,,,,South,,,,,,,,,,,,,,,,,,,,,,,,COMP-E,Competitor E,Regional independent garages,Percentage service discount,10% Service Discount,12% off labour charges,15.6,1080,30,0,In-store,32,Public price list,Medium
Competitor,2026-03,,,,,South,,,,,,,,,,,,,,,,,,,,,,,,COMP-E,Competitor E,Regional independent garages,Free inspection,Free Engine Check,"Free check-up, no credit",4.6,320,30,0,In-store,36,Public price list,Medium
Competitor,2026-03,,,,,South,,,,,,,,,,,,,,,,,,,,,,,,COMP-E,Competitor E,Regional independent garages,Free add-on,Free Car Wash,Free basic wash,4.8,330,30,0,In-store,35,Public price list,Medium
Competitor,2026-03,,,,,East,,,,,,,,,,,,,,,,,,,,,,,,COMP-E,Competitor E,Regional independent garages,Percentage service discount,10% Service Discount,12% off labour charges,8.4,580,30,0,In-store,27,Public price list,Medium
Competitor,2026-03,,,,,East,,,,,,,,,,,,,,,,,,,,,,,,COMP-E,Competitor E,Regional independent garages,Free inspection,Free Engine Check,"Free check-up, no credit",3.6,250,30,0,In-store,29,Public price list,Medium
Competitor,2026-03,,,,,East,,,,,,,,,,,,,,,,,,,,,,,,COMP-E,Competitor E,Regional independent garages,Free add-on,Free Car Wash,Free basic wash,3.8,260,30,0,In-store,28,Public price list,Medium
Competitor,2026-03,,,,,West,,,,,,,,,,,,,,,,,,,,,,,,COMP-E,Competitor E,Regional independent garages,Percentage service discount,10% Service Discount,12% off labour charges,14.3,990,30,0,In-store,34,Public price list,Medium
Competitor,2026-03,,,,,West,,,,,,,,,,,,,,,,,,,,,,,,COMP-E,Competitor E,Regional independent garages,Free inspection,Free Engine Check,"Free check-up, no credit",4.6,320,30,0,In-store,32,Public price list,Medium
Competitor,2026-03,,,,,West,,,,,,,,,,,,,,,,,,,,,,,,COMP-E,Competitor E,Regional independent garages,Free add-on,Free Car Wash,Free basic wash,4.6,320,30,0,In-store,32,Public price list,Medium
Competitor,2026-03,,,,,Central,,,,,,,,,,,,,,,,,,,,,,,,COMP-E,Competitor E,Regional independent garages,Percentage service discount,10% Service Discount,12% off labour charges,11.1,770,30,0,In-store,27,Public price list,Medium
Competitor,2026-03,,,,,Central,,,,,,,,,,,,,,,,,,,,,,,,COMP-E,Competitor E,Regional independent garages,Free inspection,Free Engine Check,"Free check-up, no credit",4.3,300,30,0,In-store,31,Public price list,Medium
Competitor,2026-03,,,,,Central,,,,,,,,,,,,,,,,,,,,,,,,COMP-E,Competitor E,Regional independent garages,Free add-on,Free Car Wash,Free basic wash,4.3,300,30,0,In-store,29,Public price list,Medium
